OID,Join_Count,TARGET_FID,Join_Cou_1,TARGET_F_1,StateAbbr,PlaceName,PlaceFIPS,TractFIPS,Place_Trac,Population,MHLTH_Crud,PHLTH_Crud,Geolocatio,lat,long,MHLTH_Medi,PHLTH_Medi,MHLTH,PHLTH,Health,comboMetri,StateAbb_1,PlaceNam_1,PlaceFIP_1,TractFIP_1,Place_Tr_1,Populati_1,MHLTH_Cr_1,PHLTH_Cr_1,Geolocat_1,lat_1,long_1,MHLTH_Me_1,PHLTH_Me_1,Distance,Dist_HLTH
-1,1,0,1,0,OR,Portland,4159000,41051004101.000000000000000,4159000-41051004101,7215,13.699999999999999,10.900000000000000,"(45.60462497390, -122.757865605)",45.604624970000003,-122.757865600000002,11.600000000000000,9.100000000000000,1.500000000000000,1.000000000000000,2.500000000000000,0.000000000000000,OR,Portland,4159000,41051004101.000000000000000,4159000-41051004101,7215,13.699999999999999,10.900000000000000,"(45.60462497390, -122.757865605)",45.604624970000003,-122.757865600000002,11.600000000000000,9.100000000000000,3,5.500000000000000
-1,1,1,1,1,OR,Portland,4159000,41051000802.000000000000000,4159000-41051000802,4526,12.199999999999999,9.100000000000000,"(45.49383173160, -122.611978291)",45.493831729999997,-122.611978300000004,11.600000000000000,9.100000000000000,1.500000000000000,0.000000000000000,1.500000000000000,0.000000000000000,OR,Portland,4159000,41051000802.000000000000000,4159000-41051000802,4526,12.199999999999999,9.100000000000000,"(45.49383173160, -122.611978291)",45.493831729999997,-122.611978300000004,11.600000000000000,9.100000000000000,3,4.500000000000000
-1,1,2,1,2,OR,Portland,4159000,41051007900.000000000000000,4159000-41051007900,4530,13.600000000000000,11.800000000000001,"(45.55336928220, -122.548153145)",45.553369279999998,-122.548153099999993,11.600000000000000,9.100000000000000,1.500000000000000,1.000000000000000,2.500000000000000,0.000000000000000,OR,Portland,4159000,41051007900.000000000000000,4159000-41051007900,4530,13.600000000000000,11.800000000000001,"(45.55336928220, -122.548153145)",45.553369279999998,-122.548153099999993,11.600000000000000,9.100000000000000,3,5.500000000000000
-1,1,3,1,3,OR,Portland,4159000,41051001000.000000000000000,4159000-41051001000,5353,12.400000000000000,8.900000000000000,"(45.49793417440, -122.649708925)",45.497934170000001,-122.649708899999993,11.600000000000000,9.100000000000000,1.500000000000000,0.000000000000000,1.500000000000000,0.000000000000000,OR,Portland,4159000,41051001000.000000000000000,4159000-41051001000,5353,12.400000000000000,8.900000000000000,"(45.49793417440, -122.649708925)",45.497934170000001,-122.649708899999993,11.600000000000000,9.100000000000000,3,4.500000000000000
-1,1,4,1,4,OR,Portland,4159000,41051003501.000000000000000,4159000-41051003501,3518,11.699999999999999,8.900000000000000,"(45.55945744430, -122.685972685)",45.559457440000003,-122.685972699999994,11.600000000000000,9.100000000000000,1.500000000000000,0.000000000000000,1.500000000000000,0.000000000000000,OR,Portland,4159000,41051003501.000000000000000,4159000-41051003501,3518,11.699999999999999,8.900000000000000,"(45.55945744430, -122.685972685)",45.559457440000003,-122.685972699999994,11.600000000000000,9.100000000000000,3,4.500000000000000
-1,1,5,1,5,OR,Portland,4159000,41051007700.000000000000000,4159000-41051007700,1977,13.400000000000000,11.900000000000000,"(45.55923725040, -122.571030546)",45.559237250000002,-122.571030500000006,11.600000000000000,9.100000000000000,1.500000000000000,1.000000000000000,2.500000000000000,0.000000000000000,OR,Portland,4159000,41051007700.000000000000000,4159000-41051007700,1977,13.400000000000000,11.900000000000000,"(45.55923725040, -122.571030546)",45.559237250000002,-122.571030500000006,11.600000000000000,9.100000000000000,1,3.500000000000000
-1,1,6,1,6,OR,Portland,4159000,41051008302.000000000000000,4159000-41051008302,4158,15.300000000000001,14.600000000000000,"(45.49706386470, -122.556899138)",45.497063859999997,-122.556899099999995,11.600000000000000,9.100000000000000,1.500000000000000,1.000000000000000,2.500000000000000,0.000000000000000,OR,Portland,4159000,41051008302.000000000000000,4159000-41051008302,4158,15.300000000000001,14.600000000000000,"(45.49706386470, -122.556899138)",45.497063859999997,-122.556899099999995,11.600000000000000,9.100000000000000,3,5.500000000000000
-1,1,7,1,7,OR,Portland,4159000,41051008600.000000000000000,4159000-41051008600,4241,14.600000000000000,12.600000000000000,"(45.46888175760, -122.584193203)",45.468881760000002,-122.584193200000001,11.600000000000000,9.100000000000000,1.500000000000000,1.000000000000000,2.500000000000000,0.000000000000000,OR,Portland,4159000,41051008600.000000000000000,4159000-41051008600,4241,14.600000000000000,12.600000000000000,"(45.46888175760, -122.584193203)",45.468881760000002,-122.584193200000001,11.600000000000000,9.100000000000000,3,5.500000000000000
-1,1,8,1,8,OR,Portland,4159000,41051004200.000000000000000,4159000-41051004200,3333,12.199999999999999,9.400000000000000,"(45.59140719610, -122.761490208)",45.591407199999999,-122.761490199999997,11.600000000000000,9.100000000000000,1.500000000000000,1.000000000000000,2.500000000000000,0.000000000000000,OR,Portland,4159000,41051004200.000000000000000,4159000-41051004200,3333,12.199999999999999,9.400000000000000,"(45.59140719610, -122.761490208)",45.591407199999999,-122.761490199999997,11.600000000000000,9.100000000000000,3,5.500000000000000
-1,1,9,1,9,OR,Portland,4159000,41051009702.000000000000000,4159000-41051009702,4592,16.199999999999999,15.800000000000001,"(45.51150725400, -122.489933780)",45.511507250000001,-122.489933800000003,11.600000000000000,9.100000000000000,1.500000000000000,1.000000000000000,2.500000000000000,0.000000000000000,OR,Portland,4159000,41051009702.000000000000000,4159000-41051009702,4592,16.199999999999999,15.800000000000001,"(45.51150725400, -122.489933780)",45.511507250000001,-122.489933800000003,11.600000000000000,9.100000000000000,3,5.500000000000000
-1,1,10,1,10,OR,Portland,4159000,41051009701.000000000000000,4159000-41051009701,5611,15.500000000000000,14.300000000000001,"(45.51177170260, -122.503672636)",45.511771699999997,-122.503672600000002,11.600000000000000,9.100000000000000,1.500000000000000,1.000000000000000,2.500000000000000,0.000000000000000,OR,Portland,4159000,41051009701.000000000000000,4159000-41051009701,5611,15.500000000000000,14.300000000000001,"(45.51177170260, -122.503672636)",45.511771699999997,-122.503672600000002,11.600000000000000,9.100000000000000,3,5.500000000000000
-1,1,11,1,11,OR,Portland,4159000,41051000301.000000000000000,4159000-41051000301,5041,12.699999999999999,9.500000000000000,"(45.48411524240, -122.631870916)",45.484115240000001,-122.631870899999996,11.600000000000000,9.100000000000000,1.500000000000000,1.000000000000000,2.500000000000000,0.000000000000000,OR,Portland,4159000,41051000301.000000000000000,4159000-41051000301,5041,12.699999999999999,9.500000000000000,"(45.48411524240, -122.631870916)",45.484115240000001,-122.631870899999996,11.600000000000000,9.100000000000000,2,4.500000000000000
-1,1,12,1,12,OR,Portland,4159000,41051008400.000000000000000,4159000-41051008400,4555,16.500000000000000,14.900000000000000,"(45.49692543030, -122.542828483)",45.496925429999997,-122.542828499999999,11.600000000000000,9.100000000000000,1.500000000000000,1.000000000000000,2.500000000000000,0.000000000000000,OR,Portland,4159000,41051008400.000000000000000,4159000-41051008400,4555,16.500000000000000,14.900000000000000,"(45.49692543030, -122.542828483)",45.496925429999997,-122.542828499999999,11.600000000000000,9.100000000000000,2,4.500000000000000
-1,1,13,1,13,OR,Portland,4159000,41051000902.000000000000000,4159000-41051000902,4482,14.600000000000000,11.199999999999999,"(45.49378219710, -122.631245500)",45.493782199999998,-122.631245500000006,11.600000000000000,9.100000000000000,1.500000000000000,1.000000000000000,2.500000000000000,0.000000000000000,OR,Portland,4159000,41051000902.000000000000000,4159000-41051000902,4482,14.600000000000000,11.199999999999999,"(45.49378219710, -122.631245500)",45.493782199999998,-122.631245500000006,11.600000000000000,9.100000000000000,3,5.500000000000000
-1,1,14,1,14,OR,Portland,4159000,41051007800.000000000000000,4159000-41051007800,1009,13.000000000000000,10.900000000000000,"(45.54944964380, -122.563068800)",45.549449639999999,-122.563068799999996,11.600000000000000,9.100000000000000,1.500000000000000,1.000000000000000,2.500000000000000,0.000000000000000,OR,Portland,4159000,41051007800.000000000000000,4159000-41051007800,1009,13.000000000000000,10.900000000000000,"(45.54944964380, -122.563068800)",45.549449639999999,-122.563068799999996,11.600000000000000,9.100000000000000,3,5.500000000000000
-1,1,15,1,15,OR,Portland,4159000,41051003401.000000000000000,4159000-41051003401,3335,12.699999999999999,9.400000000000000,"(45.55863600840, -122.668263276)",45.558636010000001,-122.668263300000007,11.600000000000000,9.100000000000000,1.500000000000000,1.000000000000000,2.500000000000000,0.000000000000000,OR,Portland,4159000,41051003401.000000000000000,4159000-41051003401,3335,12.699999999999999,9.400000000000000,"(45.55863600840, -122.668263276)",45.558636010000001,-122.668263300000007,11.600000000000000,9.100000000000000,2,4.500000000000000
-1,1,16,1,16,OR,Portland,4159000,41051008002.000000000000000,4159000-41051008002,3050,13.100000000000000,12.400000000000000,"(45.54030065080, -122.543112839)",45.540300649999999,-122.543112800000003,11.600000000000000,9.100000000000000,1.500000000000000,1.000000000000000,2.500000000000000,0.000000000000000,OR,Portland,4159000,41051008002.000000000000000,4159000-41051008002,3050,13.100000000000000,12.400000000000000,"(45.54030065080, -122.543112839)",45.540300649999999,-122.543112800000003,11.600000000000000,9.100000000000000,3,5.500000000000000
-1,1,17,1,17,OR,Portland,4159000,41051007600.000000000000000,4159000-41051007600,3562,16.300000000000001,14.900000000000000,"(45.56014473760, -122.587612070)",45.560144739999998,-122.587612100000001,11.600000000000000,9.100000000000000,1.500000000000000,1.000000000000000,2.500000000000000,0.000000000000000,OR,Portland,4159000,41051007600.000000000000000,4159000-41051007600,3562,16.300000000000001,14.900000000000000,"(45.56014473760, -122.587612070)",45.560144739999998,-122.587612100000001,11.600000000000000,9.100000000000000,3,5.500000000000000
-1,1,18,1,18,OR,Portland,4159000,41051008001.000000000000000,4159000-41051008001,3245,12.500000000000000,12.300000000000001,"(45.54039865500, -122.554299299)",45.540398660000001,-122.554299299999997,11.600000000000000,9.100000000000000,1.500000000000000,1.000000000000000,2.500000000000000,0.000000000000000,OR,Portland,4159000,41051008001.000000000000000,4159000-41051008001,3245,12.500000000000000,12.300000000000001,"(45.54039865500, -122.554299299)",45.540398660000001,-122.554299299999997,11.600000000000000,9.100000000000000,2,4.500000000000000
-1,1,19,1,19,OR,Portland,4159000,41051009302.000000000000000,4159000-41051009302,4425,13.300000000000001,12.800000000000001,"(45.52811676020, -122.523573199)",45.528116760000003,-122.523573200000001,11.600000000000000,9.100000000000000,1.500000000000000,1.000000000000000,2.500000000000000,0.000000000000000,OR,Portland,4159000,41051009302.000000000000000,4159000-41051009302,4425,13.300000000000001,12.800000000000001,"(45.52811676020, -122.523573199)",45.528116760000003,-122.523573200000001,11.600000000000000,9.100000000000000,2,4.500000000000000
-1,1,20,1,20,OR,Portland,4159000,41051009301.000000000000000,4159000-41051009301,4975,15.100000000000000,13.699999999999999,"(45.52623607800, -122.503672436)",45.526236079999997,-122.503672399999999,11.600000000000000,9.100000000000000,1.500000000000000,1.000000000000000,2.500000000000000,0.000000000000000,OR,Portland,4159000,41051009301.000000000000000,4159000-41051009301,4975,15.100000000000000,13.699999999999999,"(45.52623607800, -122.503672436)",45.526236079999997,-122.503672399999999,11.600000000000000,9.100000000000000,3,5.500000000000000
-1,1,21,1,21,OR,Portland,4159000,41051008301.000000000000000,4159000-41051008301,4334,16.000000000000000,15.500000000000000,"(45.49730987860, -122.572257202)",45.497309880000003,-122.572257199999996,11.600000000000000,9.100000000000000,1.500000000000000,1.000000000000000,2.500000000000000,0.000000000000000,OR,Portland,4159000,41051008301.000000000000000,4159000-41051008301,4334,16.000000000000000,15.500000000000000,"(45.49730987860, -122.572257202)",45.497309880000003,-122.572257199999996,11.600000000000000,9.100000000000000,1,3.500000000000000
-1,1,22,1,22,OR,Portland,4159000,41051003901.000000000000000,4159000-41051003901,7151,14.300000000000001,11.800000000000001,"(45.58405295090, -122.704193511)",45.584052950000000,-122.704193500000002,11.600000000000000,9.100000000000000,1.500000000000000,1.000000000000000,2.500000000000000,0.000000000000000,OR,Portland,4159000,41051003901.000000000000000,4159000-41051003901,7151,14.300000000000001,11.800000000000001,"(45.58405295090, -122.704193511)",45.584052950000000,-122.704193500000002,11.600000000000000,9.100000000000000,3,5.500000000000000
-1,1,23,1,23,OR,Portland,4159000,41067030502.000000000000000,4159000-41067030502,590,12.000000000000000,8.300000000000001,"(45.46437780280, -122.748275740)",45.464377800000001,-122.748275699999994,11.600000000000000,9.100000000000000,1.500000000000000,0.000000000000000,1.500000000000000,0.000000000000000,OR,Portland,4159000,41067030502.000000000000000,4159000-41067030502,590,12.000000000000000,8.300000000000001,"(45.46437780280, -122.748275740)",45.464377800000001,-122.748275699999994,11.600000000000000,9.100000000000000,1,2.500000000000000
-1,1,24,1,24,OR,Portland,4159000,41051004002.000000000000000,4159000-41051004002,5802,14.600000000000000,8.699999999999999,"(45.57659294890, -122.730759165)",45.576592949999998,-122.730759199999994,11.600000000000000,9.100000000000000,1.500000000000000,0.000000000000000,1.500000000000000,0.000000000000000,OR,Portland,4159000,41051004002.000000000000000,4159000-41051004002,5802,14.600000000000000,8.699999999999999,"(45.57659294890, -122.730759165)",45.576592949999998,-122.730759199999994,11.600000000000000,9.100000000000000,2,3.500000000000000
-1,1,25,1,25,OR,Portland,4159000,41051004001.000000000000000,4159000-41051004001,7490,17.199999999999999,14.500000000000000,"(45.58791844200, -122.722429948)",45.587918440000003,-122.722429899999995,11.600000000000000,9.100000000000000,1.500000000000000,1.000000000000000,2.500000000000000,0.000000000000000,OR,Portland,4159000,41051004001.000000000000000,4159000-41051004001,7490,17.199999999999999,14.500000000000000,"(45.58791844200, -122.722429948)",45.587918440000003,-122.722429899999995,11.600000000000000,9.100000000000000,3,5.500000000000000
-1,1,26,1,26,OR,Portland,4159000,41005020900.000000000000000,4159000-41005020900,134,12.300000000000001,11.100000000000000,"(45.46023478310, -122.623499673)",45.460234780000000,-122.623499699999996,11.600000000000000,9.100000000000000,1.500000000000000,1.000000000000000,2.500000000000000,0.000000000000000,OR,Portland,4159000,41005020900.000000000000000,4159000-41005020900,134,12.300000000000001,11.100000000000000,"(45.46023478310, -122.623499673)",45.460234780000000,-122.623499699999996,11.600000000000000,9.100000000000000,2,4.500000000000000
-1,1,27,1,27,OR,Portland,4159000,41051010600.000000000000000,4159000-41051010600,3442,15.699999999999999,16.399999999999999,"(45.51870602970, -122.676126842)",45.518706029999997,-122.676126800000006,11.600000000000000,9.100000000000000,1.500000000000000,1.000000000000000,2.500000000000000,0.000000000000000,OR,Portland,4159000,41051010600.000000000000000,4159000-41051010600,3442,15.699999999999999,16.399999999999999,"(45.51870602970, -122.676126842)",45.518706029999997,-122.676126800000006,11.600000000000000,9.100000000000000,3,5.500000000000000
-1,1,28,1,28,OR,Portland,4159000,41051002903.000000000000000,4159000-41051002903,5314,12.199999999999999,10.900000000000000,"(45.54304516710, -122.570732173)",45.543045169999999,-122.570732199999995,11.600000000000000,9.100000000000000,1.500000000000000,1.000000000000000,2.500000000000000,0.000000000000000,OR,Portland,4159000,41051002903.000000000000000,4159000-41051002903,5314,12.199999999999999,10.900000000000000,"(45.54304516710, -122.570732173)",45.543045169999999,-122.570732199999995,11.600000000000000,9.100000000000000,2,4.500000000000000
-1,1,29,1,29,OR,Portland,4159000,41051002902.000000000000000,4159000-41051002902,5325,11.800000000000001,9.800000000000001,"(45.54133155930, -122.588667105)",45.541331560000003,-122.588667099999995,11.600000000000000,9.100000000000000,1.500000000000000,1.000000000000000,2.500000000000000,0.000000000000000,OR,Portland,4159000,41051002902.000000000000000,4159000-41051002902,5325,11.800000000000001,9.800000000000001,"(45.54133155930, -122.588667105)",45.541331560000003,-122.588667099999995,11.600000000000000,9.100000000000000,2,4.500000000000000
-1,1,30,1,30,OR,Portland,4159000,41051001801.000000000000000,4159000-41051001801,4053,11.699999999999999,9.300000000000001,"(45.52628627180, -122.604849893)",45.526286270000000,-122.604849900000005,11.600000000000000,9.100000000000000,1.500000000000000,1.000000000000000,2.500000000000000,0.000000000000000,OR,Portland,4159000,41051001801.000000000000000,4159000-41051001801,4053,11.699999999999999,9.300000000000001,"(45.52628627180, -122.604849893)",45.526286270000000,-122.604849900000005,11.600000000000000,9.100000000000000,2,4.500000000000000
-1,1,31,1,31,OR,Portland,4159000,41051009101.000000000000000,4159000-41051009101,5550,17.899999999999999,16.600000000000001,"(45.50071695550, -122.508702790)",45.500716959999998,-122.508702799999995,11.600000000000000,9.100000000000000,1.500000000000000,1.000000000000000,2.500000000000000,0.000000000000000,OR,Portland,4159000,41051009101.000000000000000,4159000-41051009101,5550,17.899999999999999,16.600000000000001,"(45.50071695550, -122.508702790)",45.500716959999998,-122.508702799999995,11.600000000000000,9.100000000000000,1,3.500000000000000
-1,1,32,1,32,OR,Portland,4159000,41051009102.000000000000000,4159000-41051009102,6416,14.699999999999999,13.100000000000000,"(45.48852449290, -122.507236523)",45.488524490000003,-122.507236500000005,11.600000000000000,9.100000000000000,1.500000000000000,1.000000000000000,2.500000000000000,0.000000000000000,OR,Portland,4159000,41051009102.000000000000000,4159000-41051009102,6416,14.699999999999999,13.100000000000000,"(45.48852449290, -122.507236523)",45.488524490000003,-122.507236500000005,11.600000000000000,9.100000000000000,3,5.500000000000000
-1,1,33,1,33,OR,Portland,4159000,41051003701.000000000000000,4159000-41051003701,4356,12.000000000000000,10.500000000000000,"(45.57632820380, -122.668237137)",45.576328199999999,-122.668237099999999,11.600000000000000,9.100000000000000,1.500000000000000,1.000000000000000,2.500000000000000,0.000000000000000,OR,Portland,4159000,41051003701.000000000000000,4159000-41051003701,4356,12.000000000000000,10.500000000000000,"(45.57632820380, -122.668237137)",45.576328199999999,-122.668237099999999,11.600000000000000,9.100000000000000,3,5.500000000000000
-1,1,34,1,34,OR,Portland,4159000,41051005600.000000000000000,4159000-41051005600,5097,13.900000000000000,8.400000000000000,"(45.51214018580, -122.683983345)",45.512140189999997,-122.683983299999994,11.600000000000000,9.100000000000000,1.500000000000000,0.000000000000000,1.500000000000000,0.000000000000000,OR,Portland,4159000,41051005600.000000000000000,4159000-41051005600,5097,13.900000000000000,8.400000000000000,"(45.51214018580, -122.683983345)",45.512140189999997,-122.683983299999994,11.600000000000000,9.100000000000000,3,4.500000000000000
-1,1,35,1,35,OR,Portland,4159000,41051002203.000000000000000,4159000-41051002203,3207,12.500000000000000,9.100000000000000,"(45.54403147130, -122.667096206)",45.544031470000000,-122.667096200000003,11.600000000000000,9.100000000000000,1.500000000000000,0.000000000000000,1.500000000000000,0.000000000000000,OR,Portland,4159000,41051002203.000000000000000,4159000-41051002203,3207,12.500000000000000,9.100000000000000,"(45.54403147130, -122.667096206)",45.544031470000000,-122.667096200000003,11.600000000000000,9.100000000000000,3,4.500000000000000
-1,1,36,1,36,OR,Portland,4159000,41051008901.000000000000000,4159000-41051008901,9112,12.800000000000001,11.400000000000000,"(45.47093158300, -122.522176502)",45.470931579999998,-122.522176500000000,11.600000000000000,9.100000000000000,1.500000000000000,1.000000000000000,2.500000000000000,0.000000000000000,OR,Portland,4159000,41051008901.000000000000000,4159000-41051008901,9112,12.800000000000001,11.400000000000000,"(45.47093158300, -122.522176502)",45.470931579999998,-122.522176500000000,11.600000000000000,9.100000000000000,2,4.500000000000000
-1,1,37,1,37,OR,Portland,4159000,41051000602.000000000000000,4159000-41051000602,5119,14.900000000000000,12.699999999999999,"(45.47476701570, -122.571963248)",45.474767020000002,-122.571963199999999,11.600000000000000,9.100000000000000,1.500000000000000,1.000000000000000,2.500000000000000,0.000000000000000,OR,Portland,4159000,41051000602.000000000000000,4159000-41051000602,5119,14.900000000000000,12.699999999999999,"(45.47476701570, -122.571963248)",45.474767020000002,-122.571963199999999,11.600000000000000,9.100000000000000,3,5.500000000000000
-1,1,38,1,38,OR,Portland,4159000,41051000601.000000000000000,4159000-41051000601,5368,15.699999999999999,13.600000000000000,"(45.48478113490, -122.566616688)",45.484781130000002,-122.566616699999997,11.600000000000000,9.100000000000000,1.500000000000000,1.000000000000000,2.500000000000000,0.000000000000000,OR,Portland,4159000,41051000601.000000000000000,4159000-41051000601,5368,15.699999999999999,13.600000000000000,"(45.48478113490, -122.566616688)",45.484781130000002,-122.566616699999997,11.600000000000000,9.100000000000000,3,5.500000000000000
-1,1,39,1,39,OR,Portland,4159000,41051001201.000000000000000,4159000-41051001201,4865,12.100000000000000,7.500000000000000,"(45.51571048260, -122.642165657)",45.515710480000003,-122.642165700000007,11.600000000000000,9.100000000000000,1.500000000000000,0.000000000000000,1.500000000000000,0.000000000000000,OR,Portland,4159000,41051001201.000000000000000,4159000-41051001201,4865,12.100000000000000,7.500000000000000,"(45.51571048260, -122.642165657)",45.515710480000003,-122.642165700000007,11.600000000000000,9.100000000000000,3,4.500000000000000
-1,1,40,1,40,OR,Portland,4159000,41051003301.000000000000000,4159000-41051003301,2988,12.500000000000000,8.900000000000000,"(45.55910451240, -122.655603280)",45.559104509999997,-122.655603299999996,11.600000000000000,9.100000000000000,1.500000000000000,0.000000000000000,1.500000000000000,0.000000000000000,OR,Portland,4159000,41051003301.000000000000000,4159000-41051003301,2988,12.500000000000000,8.900000000000000,"(45.55910451240, -122.655603280)",45.559104509999997,-122.655603299999996,11.600000000000000,9.100000000000000,3,4.500000000000000
-1,1,41,1,41,OR,Portland,4159000,41051007500.000000000000000,4159000-41051007500,5080,13.800000000000001,12.199999999999999,"(45.55688070040, -122.608997460)",45.556880700000001,-122.608997500000001,11.600000000000000,9.100000000000000,1.500000000000000,1.000000000000000,2.500000000000000,0.000000000000000,OR,Portland,4159000,41051007500.000000000000000,4159000-41051007500,5080,13.800000000000001,12.199999999999999,"(45.55688070040, -122.608997460)",45.556880700000001,-122.608997500000001,11.600000000000000,9.100000000000000,3,5.500000000000000
-1,1,42,1,42,OR,Portland,4159000,41051008100.000000000000000,4159000-41051008100,7108,14.199999999999999,13.699999999999999,"(45.52804902910, -122.552495290)",45.528049029999998,-122.552495300000004,11.600000000000000,9.100000000000000,1.500000000000000,1.000000000000000,2.500000000000000,0.000000000000000,OR,Portland,4159000,41051008100.000000000000000,4159000-41051008100,7108,14.199999999999999,13.699999999999999,"(45.52804902910, -122.552495290)",45.528049029999998,-122.552495300000004,11.600000000000000,9.100000000000000,2,4.500000000000000
-1,1,43,1,43,OR,Portland,4159000,41051009202.000000000000000,4159000-41051009202,4657,14.800000000000001,13.000000000000000,"(45.51329068430, -122.515868787)",45.513290679999997,-122.515868800000007,11.600000000000000,9.100000000000000,1.500000000000000,1.000000000000000,2.500000000000000,0.000000000000000,OR,Portland,4159000,41051009202.000000000000000,4159000-41051009202,4657,14.800000000000001,13.000000000000000,"(45.51329068430, -122.515868787)",45.513290679999997,-122.515868800000007,11.600000000000000,9.100000000000000,2,4.500000000000000
-1,1,44,1,44,OR,Portland,4159000,41051009201.000000000000000,4159000-41051009201,8103,15.800000000000001,14.500000000000000,"(45.51327329260, -122.529355678)",45.513273290000001,-122.529355699999996,11.600000000000000,9.100000000000000,1.500000000000000,1.000000000000000,2.500000000000000,0.000000000000000,OR,Portland,4159000,41051009201.000000000000000,4159000-41051009201,8103,15.800000000000001,14.500000000000000,"(45.51327329260, -122.529355678)",45.513273290000001,-122.529355699999996,11.600000000000000,9.100000000000000,3,5.500000000000000
-1,1,45,1,45,OR,Portland,4159000,41051009501.000000000000000,4159000-41051009501,4736,12.699999999999999,12.900000000000000,"(45.54759425830, -122.509054330)",45.547594259999997,-122.509054300000003,11.600000000000000,9.100000000000000,1.500000000000000,1.000000000000000,2.500000000000000,0.000000000000000,OR,Portland,4159000,41051009501.000000000000000,4159000-41051009501,4736,12.699999999999999,12.900000000000000,"(45.54759425830, -122.509054330)",45.547594259999997,-122.509054300000003,11.600000000000000,9.100000000000000,3,5.500000000000000
-1,1,46,1,46,OR,Portland,4159000,41051009502.000000000000000,4159000-41051009502,4359,13.000000000000000,12.500000000000000,"(45.55080576720, -122.528133368)",45.550805769999997,-122.528133400000002,11.600000000000000,9.100000000000000,1.500000000000000,1.000000000000000,2.500000000000000,0.000000000000000,OR,Portland,4159000,41051009502.000000000000000,4159000-41051009502,4359,13.000000000000000,12.500000000000000,"(45.55080576720, -122.528133368)",45.550805769999997,-122.528133400000002,11.600000000000000,9.100000000000000,3,5.500000000000000
-1,1,47,1,47,OR,Portland,4159000,41051003803.000000000000000,4159000-41051003803,3933,12.800000000000001,10.100000000000000,"(45.56630184010, -122.684729841)",45.566301840000001,-122.684729799999999,11.600000000000000,9.100000000000000,1.500000000000000,1.000000000000000,2.500000000000000,0.000000000000000,OR,Portland,4159000,41051003803.000000000000000,4159000-41051003803,3933,12.800000000000001,10.100000000000000,"(45.56630184010, -122.684729841)",45.566301840000001,-122.684729799999999,11.600000000000000,9.100000000000000,2,4.500000000000000
-1,1,48,1,48,OR,Portland,4159000,41051003801.000000000000000,4159000-41051003801,2907,12.300000000000001,9.600000000000000,"(45.58117553990, -122.683985470)",45.581175539999997,-122.683985500000006,11.600000000000000,9.100000000000000,1.500000000000000,1.000000000000000,2.500000000000000,0.000000000000000,OR,Portland,4159000,41051003801.000000000000000,4159000-41051003801,2907,12.300000000000001,9.600000000000000,"(45.58117553990, -122.683985470)",45.581175539999997,-122.683985500000006,11.600000000000000,9.100000000000000,2,4.500000000000000
-1,1,49,1,49,OR,Portland,4159000,41051001101.000000000000000,4159000-41051001101,2120,14.500000000000000,10.400000000000000,"(45.51318272300, -122.660937595)",45.513182720000003,-122.660937599999997,11.600000000000000,9.100000000000000,1.500000000000000,1.000000000000000,2.500000000000000,0.000000000000000,OR,Portland,4159000,41051001101.000000000000000,4159000-41051001101,2120,14.500000000000000,10.400000000000000,"(45.51318272300, -122.660937595)",45.513182720000003,-122.660937599999997,11.600000000000000,9.100000000000000,1,3.500000000000000
-1,1,50,1,50,OR,Portland,4159000,41051004102.000000000000000,4159000-41051004102,4966,12.300000000000001,10.400000000000000,"(45.58698204920, -122.743875388)",45.586982050000003,-122.743875399999993,11.600000000000000,9.100000000000000,1.500000000000000,1.000000000000000,2.500000000000000,0.000000000000000,OR,Portland,4159000,41051004102.000000000000000,4159000-41051004102,4966,12.300000000000001,10.400000000000000,"(45.58698204920, -122.743875388)",45.586982050000003,-122.743875399999993,11.600000000000000,9.100000000000000,2,4.500000000000000
-1,1,51,1,51,OR,Portland,4159000,41051001702.000000000000000,4159000-41051001702,3904,13.300000000000001,10.199999999999999,"(45.52565685480, -122.573249590)",45.525656849999997,-122.573249599999997,11.600000000000000,9.100000000000000,1.500000000000000,1.000000000000000,2.500000000000000,0.000000000000000,OR,Portland,4159000,41051001702.000000000000000,4159000-41051001702,3904,13.300000000000001,10.199999999999999,"(45.52565685480, -122.573249590)",45.525656849999997,-122.573249599999997,11.600000000000000,9.100000000000000,3,5.500000000000000
-1,1,52,1,52,OR,Portland,4159000,41051008902.000000000000000,4159000-41051008902,3984,13.800000000000001,11.699999999999999,"(45.46802521690, -122.561493734)",45.468025220000001,-122.561493700000000,11.600000000000000,9.100000000000000,1.500000000000000,1.000000000000000,2.500000000000000,0.000000000000000,OR,Portland,4159000,41051008902.000000000000000,4159000-41051008902,3984,13.800000000000001,11.699999999999999,"(45.46802521690, -122.561493734)",45.468025220000001,-122.561493700000000,11.600000000000000,9.100000000000000,2,4.500000000000000
-1,1,53,1,53,OR,Portland,4159000,41051000502.000000000000000,4159000-41051000502,4561,14.000000000000000,11.800000000000001,"(45.48369719500, -122.584945617)",45.483697200000002,-122.584945599999998,11.600000000000000,9.100000000000000,1.500000000000000,1.000000000000000,2.500000000000000,0.000000000000000,OR,Portland,4159000,41051000502.000000000000000,4159000-41051000502,4561,14.000000000000000,11.800000000000001,"(45.48369719500, -122.584945617)",45.483697200000002,-122.584945599999998,11.600000000000000,9.100000000000000,3,5.500000000000000
-1,1,54,1,54,OR,Portland,4159000,41051000501.000000000000000,4159000-41051000501,3732,13.500000000000000,10.600000000000000,"(45.48220025320, -122.594633816)",45.482200249999998,-122.594633799999997,11.600000000000000,9.100000000000000,1.500000000000000,1.000000000000000,2.500000000000000,0.000000000000000,OR,Portland,4159000,41051000501.000000000000000,4159000-41051000501,3732,13.500000000000000,10.600000000000000,"(45.48220025320, -122.594633816)",45.482200249999998,-122.594633799999997,11.600000000000000,9.100000000000000,2,4.500000000000000
-1,1,55,1,55,OR,Portland,4159000,41051008700.000000000000000,4159000-41051008700,4539,12.800000000000001,10.500000000000000,"(45.47226195620, -122.602694678)",45.472261959999997,-122.602694700000001,11.600000000000000,9.100000000000000,1.500000000000000,1.000000000000000,2.500000000000000,0.000000000000000,OR,Portland,4159000,41051008700.000000000000000,4159000-41051008700,4539,12.800000000000001,10.500000000000000,"(45.47226195620, -122.602694678)",45.472261959999997,-122.602694700000001,11.600000000000000,9.100000000000000,3,5.500000000000000
-1,1,56,1,56,OR,Portland,4159000,41051007300.000000000000000,4159000-41051007300,1948,16.500000000000000,14.199999999999999,"(45.58156084890, -122.588397934)",45.581560850000002,-122.588397900000004,11.600000000000000,9.100000000000000,1.500000000000000,1.000000000000000,2.500000000000000,0.000000000000000,OR,Portland,4159000,41051007300.000000000000000,4159000-41051007300,1948,16.500000000000000,14.199999999999999,"(45.58156084890, -122.588397934)",45.581560850000002,-122.588397900000004,11.600000000000000,9.100000000000000,0,2.500000000000000
-1,1,57,1,57,OR,Portland,4159000,41051002100.000000000000000,4159000-41051002100,2577,12.199999999999999,8.400000000000000,"(45.52373030490, -122.655935543)",45.523730299999997,-122.655935499999998,11.600000000000000,9.100000000000000,1.500000000000000,0.000000000000000,1.500000000000000,0.000000000000000,OR,Portland,4159000,41051002100.000000000000000,4159000-41051002100,2577,12.199999999999999,8.400000000000000,"(45.52373030490, -122.655935543)",45.523730299999997,-122.655935499999998,11.600000000000000,9.100000000000000,2,3.500000000000000
-1,1,58,1,58,OR,Portland,4159000,41051008800.000000000000000,4159000-41051008800,4070,14.100000000000000,11.699999999999999,"(45.46507335960, -122.602676456)",45.465073359999998,-122.602676500000001,11.600000000000000,9.100000000000000,1.500000000000000,1.000000000000000,2.500000000000000,0.000000000000000,OR,Portland,4159000,41051008800.000000000000000,4159000-41051008800,4070,14.100000000000000,11.699999999999999,"(45.46507335960, -122.602676456)",45.465073359999998,-122.602676500000001,11.600000000000000,9.100000000000000,3,5.500000000000000
-1,1,59,1,59,OR,Portland,4159000,41051008202.000000000000000,4159000-41051008202,7583,16.500000000000000,15.500000000000000,"(45.51489046650, -122.545870612)",45.514890469999997,-122.545870600000001,11.600000000000000,9.100000000000000,1.500000000000000,1.000000000000000,2.500000000000000,0.000000000000000,OR,Portland,4159000,41051008202.000000000000000,4159000-41051008202,7583,16.500000000000000,15.500000000000000,"(45.51489046650, -122.545870612)",45.514890469999997,-122.545870600000001,11.600000000000000,9.100000000000000,3,5.500000000000000
-1,1,60,1,60,OR,Portland,4159000,41051001701.000000000000000,4159000-41051001701,6402,11.699999999999999,9.199999999999999,"(45.52758599790, -122.586670704)",45.527585999999999,-122.586670699999999,11.600000000000000,9.100000000000000,1.500000000000000,1.000000000000000,2.500000000000000,0.000000000000000,OR,Portland,4159000,41051001701.000000000000000,4159000-41051001701,6402,11.699999999999999,9.199999999999999,"(45.52758599790, -122.586670704)",45.527585999999999,-122.586670699999999,11.600000000000000,9.100000000000000,2,4.500000000000000
-1,1,61,1,61,OR,Portland,4159000,41051009000.000000000000000,4159000-41051009000,9621,16.100000000000001,14.199999999999999,"(45.49264282040, -122.530708125)",45.492642820000000,-122.530708099999998,11.600000000000000,9.100000000000000,1.500000000000000,1.000000000000000,2.500000000000000,0.000000000000000,OR,Portland,4159000,41051009000.000000000000000,4159000-41051009000,9621,16.100000000000001,14.199999999999999,"(45.49264282040, -122.530708125)",45.492642820000000,-122.530708099999998,11.600000000000000,9.100000000000000,3,5.500000000000000
-1,1,62,1,62,OR,Portland,4159000,41051010200.000000000000000,4159000-41051010200,583,12.300000000000001,11.800000000000001,"(45.56040438220, -122.501652706)",45.560404380000001,-122.501652699999994,11.600000000000000,9.100000000000000,1.500000000000000,1.000000000000000,2.500000000000000,0.000000000000000,OR,Portland,4159000,41051010200.000000000000000,4159000-41051010200,583,12.300000000000001,11.800000000000001,"(45.56040438220, -122.501652706)",45.560404380000001,-122.501652699999994,11.600000000000000,9.100000000000000,1,3.500000000000000
-1,1,63,1,63,OR,Portland,4159000,41051002303.000000000000000,4159000-41051002303,1996,11.800000000000001,9.800000000000001,"(45.53434386330, -122.667498775)",45.534343860000000,-122.667498800000004,11.600000000000000,9.100000000000000,1.500000000000000,1.000000000000000,2.500000000000000,0.000000000000000,OR,Portland,4159000,41051002303.000000000000000,4159000-41051002303,1996,11.800000000000001,9.800000000000001,"(45.53434386330, -122.667498775)",45.534343860000000,-122.667498800000004,11.600000000000000,9.100000000000000,2,4.500000000000000
-1,1,64,1,64,OR,Portland,4159000,41051009804.000000000000000,4159000-41051009804,3183,15.600000000000000,14.900000000000000,"(45.49904897530, -122.490497164)",45.499048979999998,-122.490497199999993,11.600000000000000,9.100000000000000,1.500000000000000,1.000000000000000,2.500000000000000,0.000000000000000,OR,Portland,4159000,41051009804.000000000000000,4159000-41051009804,3183,15.600000000000000,14.900000000000000,"(45.49904897530, -122.490497164)",45.499048979999998,-122.490497199999993,11.600000000000000,9.100000000000000,3,5.500000000000000
-1,1,65,1,65,OR,Portland,4159000,41051009803.000000000000000,4159000-41051009803,823,16.199999999999999,14.000000000000000,"(45.49662723040, -122.483165977)",45.496627230000001,-122.483165999999997,11.600000000000000,9.100000000000000,1.500000000000000,1.000000000000000,2.500000000000000,0.000000000000000,OR,Portland,4159000,41051009803.000000000000000,4159000-41051009803,823,16.199999999999999,14.000000000000000,"(45.49662723040, -122.483165977)",45.496627230000001,-122.483165999999997,11.600000000000000,9.100000000000000,3,5.500000000000000
-1,1,66,1,66,OR,Portland,4159000,41051000701.000000000000000,4159000-41051000701,4254,12.000000000000000,10.500000000000000,"(45.50138733650, -122.589114329)",45.501387340000001,-122.589114300000006,11.600000000000000,9.100000000000000,1.500000000000000,1.000000000000000,2.500000000000000,0.000000000000000,OR,Portland,4159000,41051000701.000000000000000,4159000-41051000701,4254,12.000000000000000,10.500000000000000,"(45.50138733650, -122.589114329)",45.501387340000001,-122.589114300000006,11.600000000000000,9.100000000000000,2,4.500000000000000
-1,1,67,1,67,OR,Portland,4159000,41067030600.000000000000000,4159000-41067030600,111,11.699999999999999,9.300000000000001,"(45.44627163430, -122.744753995)",45.446271629999998,-122.744754000000000,11.600000000000000,9.100000000000000,1.500000000000000,1.000000000000000,2.500000000000000,0.000000000000000,OR,Portland,4159000,41067030600.000000000000000,4159000-41067030600,111,11.699999999999999,9.300000000000001,"(45.44627163430, -122.744753995)",45.446271629999998,-122.744754000000000,11.600000000000000,9.100000000000000,2,4.500000000000000
-1,1,68,1,68,OR,Portland,4159000,41051007400.000000000000000,4159000-41051007400,3654,15.600000000000000,14.400000000000000,"(45.56584767250, -122.607648221)",45.565847669999997,-122.607648200000000,11.600000000000000,9.100000000000000,1.500000000000000,1.000000000000000,2.500000000000000,0.000000000000000,OR,Portland,4159000,41051007400.000000000000000,4159000-41051007400,3654,15.600000000000000,14.400000000000000,"(45.56584767250, -122.607648221)",45.565847669999997,-122.607648200000000,11.600000000000000,9.100000000000000,2,4.500000000000000
-1,1,69,1,69,OR,Portland,4159000,41051008500.000000000000000,4159000-41051008500,4275,14.900000000000000,13.600000000000000,"(45.48282150900, -122.547130664)",45.482821510000001,-122.547130699999997,11.600000000000000,9.100000000000000,1.500000000000000,1.000000000000000,2.500000000000000,0.000000000000000,OR,Portland,4159000,41051008500.000000000000000,4159000-41051008500,4275,14.900000000000000,13.600000000000000,"(45.48282150900, -122.547130664)",45.482821510000001,-122.547130699999997,11.600000000000000,9.100000000000000,2,4.500000000000000
-1,1,70,1,70,OR,Portland,4159000,41051001602.000000000000000,4159000-41051001602,4376,14.300000000000001,12.400000000000000,"(45.51191252850, -122.572151776)",45.511912529999996,-122.572151800000000,11.600000000000000,9.100000000000000,1.500000000000000,1.000000000000000,2.500000000000000,0.000000000000000,OR,Portland,4159000,41051001602.000000000000000,4159000-41051001602,4376,14.300000000000001,12.400000000000000,"(45.51191252850, -122.572151776)",45.511912529999996,-122.572151800000000,11.600000000000000,9.100000000000000,3,5.500000000000000
-1,1,71,1,71,OR,Portland,4159000,41051007201.000000000000000,4159000-41051007201,2270,11.800000000000001,13.300000000000001,"(45.61191168280, -122.672189008)",45.611911679999999,-122.672189000000003,11.600000000000000,9.100000000000000,1.500000000000000,1.000000000000000,2.500000000000000,0.000000000000000,OR,Portland,4159000,41051007201.000000000000000,4159000-41051007201,2270,11.800000000000001,13.300000000000001,"(45.61191168280, -122.672189008)",45.611911679999999,-122.672189000000003,11.600000000000000,9.100000000000000,2,4.500000000000000
-1,1,72,1,72,OR,Portland,4159000,41051007202.000000000000000,4159000-41051007202,2579,11.699999999999999,11.199999999999999,"(45.61137149800, -122.718472748)",45.611371499999997,-122.718472700000007,11.600000000000000,9.100000000000000,1.500000000000000,1.000000000000000,2.500000000000000,0.000000000000000,OR,Portland,4159000,41051007202.000000000000000,4159000-41051007202,2579,11.699999999999999,11.199999999999999,"(45.61137149800, -122.718472748)",45.611371499999997,-122.718472700000007,11.600000000000000,9.100000000000000,0,2.500000000000000
-1,1,73,1,73,OR,Portland,4159000,41051006702.000000000000000,4159000-41051006702,3061,11.699999999999999,10.400000000000000,"(45.47971339850, -122.713339176)",45.479713400000001,-122.713339199999993,11.600000000000000,9.100000000000000,1.500000000000000,1.000000000000000,2.500000000000000,0.000000000000000,OR,Portland,4159000,41051006702.000000000000000,4159000-41051006702,3061,11.699999999999999,10.400000000000000,"(45.47971339850, -122.713339176)",45.479713400000001,-122.713339199999993,11.600000000000000,9.100000000000000,2,4.500000000000000
-1,1,74,1,74,OR,Portland,4159000,41051005500.000000000000000,4159000-41051005500,2473,14.199999999999999,10.000000000000000,"(45.51414356500, -122.690909947)",45.514143570000002,-122.690909899999994,11.600000000000000,9.100000000000000,1.500000000000000,1.000000000000000,2.500000000000000,0.000000000000000,OR,Portland,4159000,41051005500.000000000000000,4159000-41051005500,2473,14.199999999999999,10.000000000000000,"(45.51414356500, -122.690909947)",45.514143570000002,-122.690909899999994,11.600000000000000,9.100000000000000,2,4.500000000000000
-1,1,75,1,75,OR,Portland,4159000,41051000801.000000000000000,4159000-41051000801,4518,10.699999999999999,8.199999999999999,"(45.50136754780, -122.610904755)",45.501367549999998,-122.610904800000000,11.600000000000000,9.100000000000000,0.000000000000000,0.000000000000000,0.000000000000000,0.000000000000000,OR,Portland,4159000,41051000801.000000000000000,4159000-41051000801,4518,10.699999999999999,8.199999999999999,"(45.50136754780, -122.610904755)",45.501367549999998,-122.610904800000000,11.600000000000000,9.100000000000000,3,3.000000000000000
-1,1,76,1,76,OR,Portland,4159000,41051003502.000000000000000,4159000-41051003502,2028,10.600000000000000,8.300000000000001,"(45.55144817270, -122.682889347)",45.551448170000000,-122.682889299999999,11.600000000000000,9.100000000000000,0.000000000000000,0.000000000000000,0.000000000000000,0.000000000000000,OR,Portland,4159000,41051003502.000000000000000,4159000-41051003502,2028,10.600000000000000,8.300000000000001,"(45.55144817270, -122.682889347)",45.551448170000000,-122.682889299999999,11.600000000000000,9.100000000000000,3,3.000000000000000
-1,1,77,1,77,OR,Portland,4159000,41051006100.000000000000000,4159000-41051006100,2337,8.300000000000001,7.800000000000000,"(45.48506335380, -122.700648305)",45.485063349999997,-122.700648299999997,11.600000000000000,9.100000000000000,0.000000000000000,0.000000000000000,0.000000000000000,0.000000000000000,OR,Portland,4159000,41051006100.000000000000000,4159000-41051006100,2337,8.300000000000001,7.800000000000000,"(45.48506335380, -122.700648305)",45.485063349999997,-122.700648299999997,11.600000000000000,9.100000000000000,3,3.000000000000000
-1,1,78,1,78,OR,Portland,4159000,41067030402.000000000000000,4159000-41067030402,325,10.100000000000000,7.600000000000000,"(45.47307028870, -122.745992009)",45.473070290000003,-122.745992000000001,11.600000000000000,9.100000000000000,0.000000000000000,0.000000000000000,0.000000000000000,0.000000000000000,OR,Portland,4159000,41067030402.000000000000000,4159000-41067030402,325,10.100000000000000,7.600000000000000,"(45.47307028870, -122.745992009)",45.473070290000003,-122.745992000000001,11.600000000000000,9.100000000000000,2,2.000000000000000
-1,1,79,1,79,OR,Portland,4159000,41051005000.000000000000000,4159000-41051005000,2291,8.500000000000000,5.300000000000000,"(45.53005053280, -122.687497583)",45.530050529999997,-122.687497600000000,11.600000000000000,9.100000000000000,0.000000000000000,0.000000000000000,0.000000000000000,0.000000000000000,OR,Portland,4159000,41051005000.000000000000000,4159000-41051005000,2291,8.500000000000000,5.300000000000000,"(45.53005053280, -122.687497583)",45.530050529999997,-122.687497600000000,11.600000000000000,9.100000000000000,2,2.000000000000000
-1,1,80,1,80,OR,Portland,4159000,41051004300.000000000000000,4159000-41051004300,1019,9.800000000000001,8.699999999999999,"(45.57814726210, -122.768200519)",45.578147260000001,-122.768200500000006,11.600000000000000,9.100000000000000,0.000000000000000,0.000000000000000,0.000000000000000,0.000000000000000,OR,Portland,4159000,41051004300.000000000000000,4159000-41051004300,1019,9.800000000000001,8.699999999999999,"(45.57814726210, -122.768200519)",45.578147260000001,-122.768200500000006,11.600000000000000,9.100000000000000,3,3.000000000000000
-1,1,81,1,81,OR,Portland,4159000,41051003200.000000000000000,4159000-41051003200,3968,10.000000000000000,7.500000000000000,"(45.55532999140, -122.645476941)",45.555329989999997,-122.645476900000006,11.600000000000000,9.100000000000000,0.000000000000000,0.000000000000000,0.000000000000000,0.000000000000000,OR,Portland,4159000,41051003200.000000000000000,4159000-41051003200,3968,10.000000000000000,7.500000000000000,"(45.55532999140, -122.645476941)",45.555329989999997,-122.645476900000006,11.600000000000000,9.100000000000000,3,3.000000000000000
-1,1,82,1,82,OR,Portland,4159000,41051002600.000000000000000,4159000-41051002600,2689,9.199999999999999,8.100000000000000,"(45.54154101770, -122.626428336)",45.541541019999997,-122.626428300000001,11.600000000000000,9.100000000000000,0.000000000000000,0.000000000000000,0.000000000000000,0.000000000000000,OR,Portland,4159000,41051002600.000000000000000,4159000-41051002600,2689,9.199999999999999,8.100000000000000,"(45.54154101770, -122.626428336)",45.541541019999997,-122.626428300000001,11.600000000000000,9.100000000000000,3,3.000000000000000
-1,1,83,1,83,OR,Portland,4159000,41051004900.000000000000000,4159000-41051004900,3537,11.500000000000000,8.300000000000001,"(45.53008929310, -122.693744777)",45.530089289999999,-122.693744800000005,11.600000000000000,9.100000000000000,0.000000000000000,0.000000000000000,0.000000000000000,0.000000000000000,OR,Portland,4159000,41051004900.000000000000000,4159000-41051004900,3537,11.500000000000000,8.300000000000001,"(45.53008929310, -122.693744777)",45.530089289999999,-122.693744800000005,11.600000000000000,9.100000000000000,3,3.000000000000000
-1,1,84,1,84,OR,Portland,4159000,41051006402.000000000000000,4159000-41051006402,5152,8.699999999999999,8.100000000000000,"(45.44542630620, -122.698388312)",45.445426310000002,-122.698388300000005,11.600000000000000,9.100000000000000,0.000000000000000,0.000000000000000,0.000000000000000,0.000000000000000,OR,Portland,4159000,41051006402.000000000000000,4159000-41051006402,5152,8.699999999999999,8.100000000000000,"(45.44542630620, -122.698388312)",45.445426310000002,-122.698388300000005,11.600000000000000,9.100000000000000,2,2.000000000000000
-1,1,85,1,85,OR,Portland,4159000,41051006403.000000000000000,4159000-41051006403,3915,11.600000000000000,9.300000000000001,"(45.44742167410, -122.721004310)",45.447421669999997,-122.721004300000004,11.600000000000000,9.100000000000000,0.000000000000000,1.000000000000000,1.000000000000000,0.000000000000000,OR,Portland,4159000,41051006403.000000000000000,4159000-41051006403,3915,11.600000000000000,9.300000000000001,"(45.44742167410, -122.721004310)",45.447421669999997,-122.721004300000004,11.600000000000000,9.100000000000000,3,4.000000000000000
-1,1,86,1,86,OR,Portland,4159000,41051006404.000000000000000,4159000-41051006404,1500,8.900000000000000,8.000000000000000,"(45.43902786890, -122.732814517)",45.439027869999997,-122.732814500000003,11.600000000000000,9.100000000000000,0.000000000000000,0.000000000000000,0.000000000000000,0.000000000000000,OR,Portland,4159000,41051006404.000000000000000,4159000-41051006404,1500,8.900000000000000,8.000000000000000,"(45.43902786890, -122.732814517)",45.439027869999997,-122.732814500000003,11.600000000000000,9.100000000000000,3,3.000000000000000
-1,1,87,1,87,OR,Portland,4159000,41051000302.000000000000000,4159000-41051000302,6709,9.100000000000000,8.300000000000001,"(45.47006584800, -122.626659547)",45.470065849999997,-122.626659500000002,11.600000000000000,9.100000000000000,0.000000000000000,0.000000000000000,0.000000000000000,0.000000000000000,OR,Portland,4159000,41051000302.000000000000000,4159000-41051000302,6709,9.100000000000000,8.300000000000001,"(45.47006584800, -122.626659547)",45.470065849999997,-122.626659500000002,11.600000000000000,9.100000000000000,3,3.000000000000000
-1,1,88,1,88,OR,Portland,4159000,41051002801.000000000000000,4159000-41051002801,2849,9.400000000000000,7.800000000000000,"(45.54356174540, -122.605043552)",45.543561750000002,-122.605043600000002,11.600000000000000,9.100000000000000,0.000000000000000,0.000000000000000,0.000000000000000,0.000000000000000,OR,Portland,4159000,41051002801.000000000000000,4159000-41051002801,2849,9.400000000000000,7.800000000000000,"(45.54356174540, -122.605043552)",45.543561750000002,-122.605043600000002,11.600000000000000,9.100000000000000,2,2.000000000000000
-1,1,89,1,89,OR,Portland,4159000,41051002802.000000000000000,4159000-41051002802,2928,10.000000000000000,8.199999999999999,"(45.53383714040, -122.605299192)",45.533837140000003,-122.605299200000005,11.600000000000000,9.100000000000000,0.000000000000000,0.000000000000000,0.000000000000000,0.000000000000000,OR,Portland,4159000,41051002802.000000000000000,4159000-41051002802,2928,10.000000000000000,8.199999999999999,"(45.53383714040, -122.605299192)",45.533837140000003,-122.605299200000005,11.600000000000000,9.100000000000000,3,3.000000000000000
-1,1,90,1,90,OR,Portland,4159000,41051001900.000000000000000,4159000-41051001900,4859,8.300000000000001,7.500000000000000,"(45.52650491410, -122.623949705)",45.526504910000000,-122.623949699999997,11.600000000000000,9.100000000000000,0.000000000000000,0.000000000000000,0.000000000000000,0.000000000000000,OR,Portland,4159000,41051001900.000000000000000,4159000-41051001900,4859,8.300000000000001,7.500000000000000,"(45.52650491410, -122.623949705)",45.526504910000000,-122.623949699999997,11.600000000000000,9.100000000000000,2,2.000000000000000
-1,1,91,1,91,OR,Portland,4159000,41051004700.000000000000000,4159000-41051004700,4068,9.100000000000000,6.000000000000000,"(45.53086817060, -122.703141254)",45.530868169999998,-122.703141299999999,11.600000000000000,9.100000000000000,0.000000000000000,0.000000000000000,0.000000000000000,0.000000000000000,OR,Portland,4159000,41051004700.000000000000000,4159000-41051004700,4068,9.100000000000000,6.000000000000000,"(45.53086817060, -122.703141254)",45.530868169999998,-122.703141299999999,11.600000000000000,9.100000000000000,3,3.000000000000000
-1,1,92,1,92,OR,Portland,4159000,41051005700.000000000000000,4159000-41051005700,3430,9.800000000000001,7.200000000000000,"(45.50654892920, -122.674516828)",45.506548930000001,-122.674516800000006,11.600000000000000,9.100000000000000,0.000000000000000,0.000000000000000,0.000000000000000,0.000000000000000,OR,Portland,4159000,41051005700.000000000000000,4159000-41051005700,3430,9.800000000000001,7.200000000000000,"(45.50654892920, -122.674516828)",45.506548930000001,-122.674516800000006,11.600000000000000,9.100000000000000,3,3.000000000000000
-1,1,93,1,93,OR,Portland,4159000,41051000901.000000000000000,4159000-41051000901,3890,10.600000000000000,7.900000000000000,"(45.50097720270, -122.631005772)",45.500977200000001,-122.631005799999997,11.600000000000000,9.100000000000000,0.000000000000000,0.000000000000000,0.000000000000000,0.000000000000000,OR,Portland,4159000,41051000901.000000000000000,4159000-41051000901,3890,10.600000000000000,7.900000000000000,"(45.50097720270, -122.631005772)",45.500977200000001,-122.631005799999997,11.600000000000000,9.100000000000000,2,2.000000000000000
-1,1,94,1,94,OR,Portland,4159000,41051001302.000000000000000,4159000-41051001302,2946,9.400000000000000,6.800000000000000,"(45.50841901120, -122.628731430)",45.508419009999997,-122.628731400000007,11.600000000000000,9.100000000000000,0.000000000000000,0.000000000000000,0.000000000000000,0.000000000000000,OR,Portland,4159000,41051001302.000000000000000,4159000-41051001302,2946,9.400000000000000,6.800000000000000,"(45.50841901120, -122.628731430)",45.508419009999997,-122.628731400000007,11.600000000000000,9.100000000000000,3,3.000000000000000
-1,1,95,1,95,OR,Portland,4159000,41051001301.000000000000000,4159000-41051001301,3802,10.199999999999999,7.100000000000000,"(45.51567550540, -122.628861769)",45.515675510000001,-122.628861799999996,11.600000000000000,9.100000000000000,0.000000000000000,0.000000000000000,0.000000000000000,0.000000000000000,OR,Portland,4159000,41051001301.000000000000000,4159000-41051001301,3802,10.199999999999999,7.100000000000000,"(45.51567550540, -122.628861769)",45.515675510000001,-122.628861799999996,11.600000000000000,9.100000000000000,3,3.000000000000000
-1,1,96,1,96,OR,Portland,4159000,41051005900.000000000000000,4159000-41051005900,5800,10.000000000000000,7.200000000000000,"(45.48520413770, -122.673348949)",45.485204140000000,-122.673348899999993,11.600000000000000,9.100000000000000,0.000000000000000,0.000000000000000,0.000000000000000,0.000000000000000,OR,Portland,4159000,41051005900.000000000000000,4159000-41051005900,5800,10.000000000000000,7.200000000000000,"(45.48520413770, -122.673348949)",45.485204140000000,-122.673348899999993,11.600000000000000,9.100000000000000,2,2.000000000000000
-1,1,97,1,97,OR,Portland,4159000,41051003402.000000000000000,4159000-41051003402,3094,11.100000000000000,7.600000000000000,"(45.55139444640, -122.668605118)",45.551394449999997,-122.668605099999994,11.600000000000000,9.100000000000000,0.000000000000000,0.000000000000000,0.000000000000000,0.000000000000000,OR,Portland,4159000,41051003402.000000000000000,4159000-41051003402,3094,11.100000000000000,7.600000000000000,"(45.55139444640, -122.668605118)",45.551394449999997,-122.668605099999994,11.600000000000000,9.100000000000000,3,3.000000000000000
-1,1,98,1,98,OR,Portland,4159000,41051003902.000000000000000,4159000-41051003902,3040,10.300000000000001,8.300000000000001,"(45.57262945700, -122.699770188)",45.572629460000002,-122.699770200000003,11.600000000000000,9.100000000000000,0.000000000000000,0.000000000000000,0.000000000000000,0.000000000000000,OR,Portland,4159000,41051003902.000000000000000,4159000-41051003902,3040,10.300000000000001,8.300000000000001,"(45.57262945700, -122.699770188)",45.572629460000002,-122.699770200000003,11.600000000000000,9.100000000000000,3,3.000000000000000
-1,1,99,1,99,OR,Portland,4159000,41051001400.000000000000000,4159000-41051001400,4679,10.000000000000000,6.900000000000000,"(45.51144754400, -122.617654623)",45.511447539999999,-122.617654599999995,11.600000000000000,9.100000000000000,0.000000000000000,0.000000000000000,0.000000000000000,0.000000000000000,OR,Portland,4159000,41051001400.000000000000000,4159000-41051001400,4679,10.000000000000000,6.900000000000000,"(45.51144754400, -122.617654623)",45.511447539999999,-122.617654599999995,11.600000000000000,9.100000000000000,1,1.000000000000000
-1,1,100,1,100,OR,Portland,4159000,41051000402.000000000000000,4159000-41051000402,3477,10.800000000000001,8.500000000000000,"(45.48317366610, -122.604103600)",45.483173669999999,-122.604103600000002,11.600000000000000,9.100000000000000,0.000000000000000,0.000000000000000,0.000000000000000,0.000000000000000,OR,Portland,4159000,41051000402.000000000000000,4159000-41051000402,3477,10.800000000000001,8.500000000000000,"(45.48317366610, -122.604103600)",45.483173669999999,-122.604103600000002,11.600000000000000,9.100000000000000,2,2.000000000000000
-1,1,101,1,101,OR,Portland,4159000,41051000401.000000000000000,4159000-41051000401,3418,10.400000000000000,8.300000000000001,"(45.48347954810, -122.614332204)",45.483479549999998,-122.614332200000007,11.600000000000000,9.100000000000000,0.000000000000000,0.000000000000000,0.000000000000000,0.000000000000000,OR,Portland,4159000,41051000401.000000000000000,4159000-41051000401,3418,10.400000000000000,8.300000000000001,"(45.48347954810, -122.614332204)",45.483479549999998,-122.614332200000007,11.600000000000000,9.100000000000000,3,3.000000000000000
-1,1,102,1,102,OR,Portland,4159000,41051003100.000000000000000,4159000-41051003100,4547,9.699999999999999,7.400000000000000,"(45.55548124140, -122.635795246)",45.555481239999999,-122.635795200000004,11.600000000000000,9.100000000000000,0.000000000000000,0.000000000000000,0.000000000000000,0.000000000000000,OR,Portland,4159000,41051003100.000000000000000,4159000-41051003100,4547,9.699999999999999,7.400000000000000,"(45.55548124140, -122.635795246)",45.555481239999999,-122.635795200000004,11.600000000000000,9.100000000000000,2,2.000000000000000
-1,1,103,1,103,OR,Portland,4159000,41051001202.000000000000000,4159000-41051001202,3232,9.300000000000001,7.200000000000000,"(45.50845641410, -122.642127651)",45.508456410000001,-122.642127700000003,11.600000000000000,9.100000000000000,0.000000000000000,0.000000000000000,0.000000000000000,0.000000000000000,OR,Portland,4159000,41051001202.000000000000000,4159000-41051001202,3232,9.300000000000001,7.200000000000000,"(45.50845641410, -122.642127651)",45.508456410000001,-122.642127700000003,11.600000000000000,9.100000000000000,2,2.000000000000000
-1,1,104,1,104,OR,Portland,4159000,41051002702.000000000000000,4159000-41051002702,2578,11.100000000000000,9.900000000000000,"(45.53476029770, -122.615952179)",45.534760300000002,-122.615952199999995,11.600000000000000,9.100000000000000,0.000000000000000,1.000000000000000,1.000000000000000,0.000000000000000,OR,Portland,4159000,41051002702.000000000000000,4159000-41051002702,2578,11.100000000000000,9.900000000000000,"(45.53476029770, -122.615952179)",45.534760300000002,-122.615952199999995,11.600000000000000,9.100000000000000,2,3.000000000000000
-1,1,105,1,105,OR,Portland,4159000,41051002701.000000000000000,4159000-41051002701,3068,9.199999999999999,8.000000000000000,"(45.54347539680, -122.616466472)",45.543475399999998,-122.616466500000001,11.600000000000000,9.100000000000000,0.000000000000000,0.000000000000000,0.000000000000000,0.000000000000000,OR,Portland,4159000,41051002701.000000000000000,4159000-41051002701,3068,9.199999999999999,8.000000000000000,"(45.54347539680, -122.616466472)",45.543475399999998,-122.616466500000001,11.600000000000000,9.100000000000000,2,2.000000000000000
-1,1,106,1,106,OR,Portland,4159000,41051006501.000000000000000,4159000-41051006501,5898,9.800000000000001,8.600000000000000,"(45.45710193210, -122.734192585)",45.457101930000000,-122.734192600000000,11.600000000000000,9.100000000000000,0.000000000000000,0.000000000000000,0.000000000000000,0.000000000000000,OR,Portland,4159000,41051006501.000000000000000,4159000-41051006501,5898,9.800000000000001,8.600000000000000,"(45.45710193210, -122.734192585)",45.457101930000000,-122.734192600000000,11.600000000000000,9.100000000000000,2,2.000000000000000
-1,1,107,1,107,OR,Portland,4159000,41051006502.000000000000000,4159000-41051006502,4086,10.300000000000001,7.700000000000000,"(45.46173927020, -122.713646467)",45.461739270000002,-122.713646499999996,11.600000000000000,9.100000000000000,0.000000000000000,0.000000000000000,0.000000000000000,0.000000000000000,OR,Portland,4159000,41051006502.000000000000000,4159000-41051006502,4086,10.300000000000001,7.700000000000000,"(45.46173927020, -122.713646467)",45.461739270000002,-122.713646499999996,11.600000000000000,9.100000000000000,3,3.000000000000000
-1,1,108,1,108,OR,Portland,4159000,41051005800.000000000000000,4159000-41051005800,4847,8.500000000000000,7.700000000000000,"(45.49961947920, -122.696442502)",45.499619480000000,-122.696442500000003,11.600000000000000,9.100000000000000,0.000000000000000,0.000000000000000,0.000000000000000,0.000000000000000,OR,Portland,4159000,41051005800.000000000000000,4159000-41051005800,4847,8.500000000000000,7.700000000000000,"(45.49961947920, -122.696442502)",45.499619480000000,-122.696442500000003,11.600000000000000,9.100000000000000,3,3.000000000000000
-1,1,109,1,109,OR,Portland,4159000,41051002901.000000000000000,4159000-41051002901,4428,10.600000000000000,8.699999999999999,"(45.55144706950, -122.592738692)",45.551447070000002,-122.592738699999998,11.600000000000000,9.100000000000000,0.000000000000000,0.000000000000000,0.000000000000000,0.000000000000000,OR,Portland,4159000,41051002901.000000000000000,4159000-41051002901,4428,10.600000000000000,8.699999999999999,"(45.55144706950, -122.592738692)",45.551447070000002,-122.592738699999998,11.600000000000000,9.100000000000000,3,3.000000000000000
-1,1,110,1,110,OR,Portland,4159000,41051001802.000000000000000,4159000-41051001802,3364,10.300000000000001,8.600000000000000,"(45.51998781940, -122.607502674)",45.519987819999997,-122.607502699999998,11.600000000000000,9.100000000000000,0.000000000000000,0.000000000000000,0.000000000000000,0.000000000000000,OR,Portland,4159000,41051001802.000000000000000,4159000-41051001802,3364,10.300000000000001,8.600000000000000,"(45.51998781940, -122.607502674)",45.519987819999997,-122.607502699999998,11.600000000000000,9.100000000000000,1,1.000000000000000
-1,1,111,1,111,OR,Portland,4159000,41051003702.000000000000000,4159000-41051003702,2420,10.600000000000000,8.800000000000001,"(45.56632799810, -122.668162133)",45.566327999999999,-122.668162100000004,11.600000000000000,9.100000000000000,0.000000000000000,0.000000000000000,0.000000000000000,0.000000000000000,OR,Portland,4159000,41051003702.000000000000000,4159000-41051003702,2420,10.600000000000000,8.800000000000001,"(45.56632799810, -122.668162133)",45.566327999999999,-122.668162100000004,11.600000000000000,9.100000000000000,3,3.000000000000000
-1,1,112,1,112,OR,Portland,4159000,41051009903.000000000000000,4159000-41051009903,391,10.500000000000000,9.199999999999999,"(45.47672240150, -122.489056050)",45.476722400000000,-122.489056099999999,11.600000000000000,9.100000000000000,0.000000000000000,1.000000000000000,1.000000000000000,0.000000000000000,OR,Portland,4159000,41051009903.000000000000000,4159000-41051009903,391,10.500000000000000,9.199999999999999,"(45.47672240150, -122.489056050)",45.476722400000000,-122.489056099999999,11.600000000000000,9.100000000000000,2,3.000000000000000
-1,1,113,1,113,OR,Portland,4159000,41051003302.000000000000000,4159000-41051003302,2757,11.500000000000000,8.300000000000001,"(45.55187357690, -122.655958147)",45.551873579999999,-122.655958100000007,11.600000000000000,9.100000000000000,0.000000000000000,0.000000000000000,0.000000000000000,0.000000000000000,OR,Portland,4159000,41051003302.000000000000000,4159000-41051003302,2757,11.500000000000000,8.300000000000001,"(45.55187357690, -122.655958147)",45.551873579999999,-122.655958100000007,11.600000000000000,9.100000000000000,3,3.000000000000000
-1,1,114,1,114,OR,Portland,4159000,41067030102.000000000000000,4159000-41067030102,504,10.100000000000000,8.800000000000001,"(45.53181138970, -122.775214873)",45.531811390000001,-122.775214899999995,11.600000000000000,9.100000000000000,0.000000000000000,0.000000000000000,0.000000000000000,0.000000000000000,OR,Portland,4159000,41067030102.000000000000000,4159000-41067030102,504,10.100000000000000,8.800000000000001,"(45.53181138970, -122.775214873)",45.531811390000001,-122.775214899999995,11.600000000000000,9.100000000000000,1,1.000000000000000
-1,1,115,1,115,OR,Portland,4159000,41051003802.000000000000000,4159000-41051003802,2965,11.199999999999999,8.500000000000000,"(45.57353318330, -122.683624882)",45.573533179999998,-122.683624899999998,11.600000000000000,9.100000000000000,0.000000000000000,0.000000000000000,0.000000000000000,0.000000000000000,OR,Portland,4159000,41051003802.000000000000000,4159000-41051003802,2965,11.199999999999999,8.500000000000000,"(45.57353318330, -122.683624882)",45.573533179999998,-122.683624899999998,11.600000000000000,9.100000000000000,2,2.000000000000000
-1,1,116,1,116,OR,Portland,4159000,41051002401.000000000000000,4159000-41051002401,2765,8.699999999999999,7.300000000000000,"(45.54370660390, -122.652558758)",45.543706600000000,-122.652558799999994,11.600000000000000,9.100000000000000,0.000000000000000,0.000000000000000,0.000000000000000,0.000000000000000,OR,Portland,4159000,41051002401.000000000000000,4159000-41051002401,2765,8.699999999999999,7.300000000000000,"(45.54370660390, -122.652558758)",45.543706600000000,-122.652558799999994,11.600000000000000,9.100000000000000,3,3.000000000000000
-1,1,117,1,117,OR,Portland,4159000,41051002402.000000000000000,4159000-41051002402,3310,10.100000000000000,9.199999999999999,"(45.53420424600, -122.651958843)",45.534204250000002,-122.651958800000003,11.600000000000000,9.100000000000000,0.000000000000000,1.000000000000000,1.000000000000000,0.000000000000000,OR,Portland,4159000,41051002402.000000000000000,4159000-41051002402,3310,10.100000000000000,9.199999999999999,"(45.53420424600, -122.651958843)",45.534204250000002,-122.651958800000003,11.600000000000000,9.100000000000000,3,4.000000000000000
-1,1,118,1,118,OR,Portland,4159000,41051005200.000000000000000,4159000-41051005200,4525,11.600000000000000,8.400000000000000,"(45.52052543990, -122.690838896)",45.520525440000000,-122.690838900000003,11.600000000000000,9.100000000000000,0.000000000000000,0.000000000000000,0.000000000000000,0.000000000000000,OR,Portland,4159000,41051005200.000000000000000,4159000-41051005200,4525,11.600000000000000,8.400000000000000,"(45.52052543990, -122.690838896)",45.520525440000000,-122.690838900000003,11.600000000000000,9.100000000000000,2,2.000000000000000
-1,1,119,1,119,OR,Portland,4159000,41051006200.000000000000000,4159000-41051006200,2848,9.500000000000000,7.800000000000000,"(45.46491851120, -122.688559439)",45.464918509999997,-122.688559400000003,11.600000000000000,9.100000000000000,0.000000000000000,0.000000000000000,0.000000000000000,0.000000000000000,OR,Portland,4159000,41051006200.000000000000000,4159000-41051006200,2848,9.500000000000000,7.800000000000000,"(45.46491851120, -122.688559439)",45.464918509999997,-122.688559400000003,11.600000000000000,9.100000000000000,3,3.000000000000000
-1,1,120,1,120,OR,Portland,4159000,41005020800.000000000000000,4159000-41005020800,170,11.400000000000000,12.199999999999999,"(45.45700650920, -122.649775730)",45.457006509999999,-122.649775700000006,11.600000000000000,9.100000000000000,0.000000000000000,1.000000000000000,1.000000000000000,0.000000000000000,OR,Portland,4159000,41005020800.000000000000000,4159000-41005020800,170,11.400000000000000,12.199999999999999,"(45.45700650920, -122.649775730)",45.457006509999999,-122.649775700000006,11.600000000000000,9.100000000000000,2,3.000000000000000
-1,1,121,1,121,OR,Portland,4159000,41051003000.000000000000000,4159000-41051003000,4443,9.699999999999999,8.100000000000000,"(45.55476299970, -122.623888708)",45.554763000000001,-122.623888699999995,11.600000000000000,9.100000000000000,0.000000000000000,0.000000000000000,0.000000000000000,0.000000000000000,OR,Portland,4159000,41051003000.000000000000000,4159000-41051003000,4443,9.699999999999999,8.100000000000000,"(45.55476299970, -122.623888708)",45.554763000000001,-122.623888699999995,11.600000000000000,9.100000000000000,3,3.000000000000000
-1,1,122,1,122,OR,Portland,4159000,41051002000.000000000000000,4159000-41051002000,5358,11.500000000000000,7.500000000000000,"(45.52523528310, -122.637904449)",45.525235279999997,-122.637904399999996,11.600000000000000,9.100000000000000,0.000000000000000,0.000000000000000,0.000000000000000,0.000000000000000,OR,Portland,4159000,41051002000.000000000000000,4159000-41051002000,5358,11.500000000000000,7.500000000000000,"(45.52523528310, -122.637904449)",45.525235279999997,-122.637904399999996,11.600000000000000,9.100000000000000,3,3.000000000000000
-1,1,123,1,123,OR,Portland,4159000,41051006602.000000000000000,4159000-41051006602,4821,11.100000000000000,8.900000000000000,"(45.47107557960, -122.707277776)",45.471075579999997,-122.707277800000000,11.600000000000000,9.100000000000000,0.000000000000000,0.000000000000000,0.000000000000000,0.000000000000000,OR,Portland,4159000,41051006602.000000000000000,4159000-41051006602,4821,11.100000000000000,8.900000000000000,"(45.47107557960, -122.707277776)",45.471075579999997,-122.707277800000000,11.600000000000000,9.100000000000000,2,2.000000000000000
-1,1,124,1,124,OR,Portland,4159000,41051006601.000000000000000,4159000-41051006601,2513,8.500000000000000,8.199999999999999,"(45.47191958850, -122.733420430)",45.471919589999999,-122.733420400000000,11.600000000000000,9.100000000000000,0.000000000000000,0.000000000000000,0.000000000000000,0.000000000000000,OR,Portland,4159000,41051006601.000000000000000,4159000-41051006601,2513,8.500000000000000,8.199999999999999,"(45.47191958850, -122.733420430)",45.471919589999999,-122.733420400000000,11.600000000000000,9.100000000000000,3,3.000000000000000
-1,1,125,1,125,OR,Portland,4159000,41051008201.000000000000000,4159000-41051008201,3022,11.500000000000000,12.500000000000000,"(45.51183774730, -122.558370494)",45.511837749999998,-122.558370499999995,11.600000000000000,9.100000000000000,0.000000000000000,1.000000000000000,1.000000000000000,0.000000000000000,OR,Portland,4159000,41051008201.000000000000000,4159000-41051008201,3022,11.500000000000000,12.500000000000000,"(45.51183774730, -122.558370494)",45.511837749999998,-122.558370499999995,11.600000000000000,9.100000000000000,3,4.000000000000000
-1,1,126,1,126,OR,Portland,4159000,41051000100.000000000000000,4159000-41051000100,5927,10.100000000000000,8.300000000000001,"(45.47689209210, -122.658569780)",45.476892090000000,-122.658569799999995,11.600000000000000,9.100000000000000,0.000000000000000,0.000000000000000,0.000000000000000,0.000000000000000,OR,Portland,4159000,41051000100.000000000000000,4159000-41051000100,5927,10.100000000000000,8.300000000000001,"(45.47689209210, -122.658569780)",45.476892090000000,-122.658569799999995,11.600000000000000,9.100000000000000,2,2.000000000000000
-1,1,127,1,127,OR,Portland,4159000,41051001102.000000000000000,4159000-41051001102,1334,11.100000000000000,7.900000000000000,"(45.50860554560, -122.655978261)",45.508605549999999,-122.655978300000001,11.600000000000000,9.100000000000000,0.000000000000000,0.000000000000000,0.000000000000000,0.000000000000000,OR,Portland,4159000,41051001102.000000000000000,4159000-41051001102,1334,11.100000000000000,7.900000000000000,"(45.50860554560, -122.655978261)",45.508605549999999,-122.655978300000001,11.600000000000000,9.100000000000000,1,1.000000000000000
-1,1,128,1,128,OR,Portland,4159000,41051004500.000000000000000,4159000-41051004500,1893,9.900000000000000,8.000000000000000,"(45.53827807280, -122.701437282)",45.538278069999997,-122.701437299999995,11.600000000000000,9.100000000000000,0.000000000000000,0.000000000000000,0.000000000000000,0.000000000000000,OR,Portland,4159000,41051004500.000000000000000,4159000-41051004500,1893,9.900000000000000,8.000000000000000,"(45.53827807280, -122.701437282)",45.538278069999997,-122.701437299999995,11.600000000000000,9.100000000000000,2,2.000000000000000
-1,1,129,1,129,OR,Portland,4159000,41051003601.000000000000000,4159000-41051003601,4422,11.500000000000000,8.500000000000000,"(45.57107082850, -122.655937437)",45.571070829999996,-122.655937399999999,11.600000000000000,9.100000000000000,0.000000000000000,0.000000000000000,0.000000000000000,0.000000000000000,OR,Portland,4159000,41051003601.000000000000000,4159000-41051003601,4422,11.500000000000000,8.500000000000000,"(45.57107082850, -122.655937437)",45.571070829999996,-122.655937399999999,11.600000000000000,9.100000000000000,3,3.000000000000000
-1,1,130,1,130,OR,Portland,4159000,41051003603.000000000000000,4159000-41051003603,1516,10.300000000000001,9.300000000000001,"(45.56786130700, -122.625366974)",45.567861309999998,-122.625366999999997,11.600000000000000,9.100000000000000,0.000000000000000,1.000000000000000,1.000000000000000,0.000000000000000,OR,Portland,4159000,41051003603.000000000000000,4159000-41051003603,1516,10.300000000000001,9.300000000000001,"(45.56786130700, -122.625366974)",45.567861309999998,-122.625366999999997,11.600000000000000,9.100000000000000,3,4.000000000000000
-1,1,131,1,131,OR,Portland,4159000,41051003602.000000000000000,4159000-41051003602,6085,11.300000000000001,8.400000000000000,"(45.56935248840, -122.640920773)",45.569352490000000,-122.640920800000004,11.600000000000000,9.100000000000000,0.000000000000000,0.000000000000000,0.000000000000000,0.000000000000000,OR,Portland,4159000,41051003602.000000000000000,4159000-41051003602,6085,11.300000000000001,8.400000000000000,"(45.56935248840, -122.640920773)",45.569352490000000,-122.640920800000004,11.600000000000000,9.100000000000000,2,2.000000000000000
-1,1,132,1,132,OR,Portland,4159000,41051005100.000000000000000,4159000-41051005100,7926,10.699999999999999,8.800000000000001,"(45.52890063140, -122.677413116)",45.528900630000003,-122.677413099999995,11.600000000000000,9.100000000000000,0.000000000000000,0.000000000000000,0.000000000000000,0.000000000000000,OR,Portland,4159000,41051005100.000000000000000,4159000-41051005100,7926,10.699999999999999,8.800000000000001,"(45.52890063140, -122.677413116)",45.528900630000003,-122.677413099999995,11.600000000000000,9.100000000000000,3,3.000000000000000
-1,1,133,1,133,OR,Portland,4159000,41051007000.000000000000000,4159000-41051007000,6582,8.600000000000000,7.500000000000000,"(45.54930395820, -122.763621782)",45.549303960000003,-122.763621799999996,11.600000000000000,9.100000000000000,0.000000000000000,0.000000000000000,0.000000000000000,0.000000000000000,OR,Portland,4159000,41051007000.000000000000000,4159000-41051007000,6582,8.600000000000000,7.500000000000000,"(45.54930395820, -122.763621782)",45.549303960000003,-122.763621799999996,11.600000000000000,9.100000000000000,3,3.000000000000000
-1,1,134,1,134,OR,Portland,4159000,41051006001.000000000000000,4159000-41051006001,1390,8.699999999999999,7.300000000000000,"(45.48967274090, -122.686873425)",45.489672740000003,-122.686873399999996,11.600000000000000,9.100000000000000,0.000000000000000,0.000000000000000,0.000000000000000,0.000000000000000,OR,Portland,4159000,41051006001.000000000000000,4159000-41051006001,1390,8.699999999999999,7.300000000000000,"(45.48967274090, -122.686873425)",45.489672740000003,-122.686873399999996,11.600000000000000,9.100000000000000,3,3.000000000000000
-1,1,135,1,135,OR,Portland,4159000,41051001500.000000000000000,4159000-41051001500,3271,9.699999999999999,7.800000000000000,"(45.51113062140, -122.606821154)",45.511130620000003,-122.606821199999999,11.600000000000000,9.100000000000000,0.000000000000000,0.000000000000000,0.000000000000000,0.000000000000000,OR,Portland,4159000,41051001500.000000000000000,4159000-41051001500,3271,9.699999999999999,7.800000000000000,"(45.51113062140, -122.606821154)",45.511130620000003,-122.606821199999999,11.600000000000000,9.100000000000000,3,3.000000000000000
-1,1,136,1,136,OR,Portland,4159000,41051000702.000000000000000,4159000-41051000702,4758,11.400000000000000,9.600000000000000,"(45.49390972240, -122.590076654)",45.493909719999998,-122.590076699999997,11.600000000000000,9.100000000000000,0.000000000000000,1.000000000000000,1.000000000000000,0.000000000000000,OR,Portland,4159000,41051000702.000000000000000,4159000-41051000702,4758,11.400000000000000,9.600000000000000,"(45.49390972240, -122.590076654)",45.493909719999998,-122.590076699999997,11.600000000000000,9.100000000000000,3,4.000000000000000
-1,1,137,1,137,OR,Portland,4159000,41005022206.000000000000000,4159000-41005022206,320,10.100000000000000,9.100000000000000,"(45.45957265000, -122.567742037)",45.459572649999998,-122.567741999999996,11.600000000000000,9.100000000000000,0.000000000000000,0.000000000000000,0.000000000000000,0.000000000000000,OR,Portland,4159000,41005022206.000000000000000,4159000-41005022206,320,10.100000000000000,9.100000000000000,"(45.45957265000, -122.567742037)",45.459572649999998,-122.567741999999996,11.600000000000000,9.100000000000000,1,1.000000000000000
-1,1,138,1,138,OR,Portland,4159000,41051006801.000000000000000,4159000-41051006801,1610,9.600000000000000,9.100000000000000,"(45.49088357230, -122.736307924)",45.490883570000001,-122.736307900000000,11.600000000000000,9.100000000000000,0.000000000000000,0.000000000000000,0.000000000000000,0.000000000000000,OR,Portland,4159000,41051006801.000000000000000,4159000-41051006801,1610,9.600000000000000,9.100000000000000,"(45.49088357230, -122.736307924)",45.490883570000001,-122.736307900000000,11.600000000000000,9.100000000000000,1,1.000000000000000
-1,1,139,1,139,OR,Portland,4159000,41051006802.000000000000000,4159000-41051006802,3358,8.600000000000000,7.900000000000000,"(45.49119381640, -122.718292339)",45.491193819999999,-122.718292300000002,11.600000000000000,9.100000000000000,0.000000000000000,0.000000000000000,0.000000000000000,0.000000000000000,OR,Portland,4159000,41051006802.000000000000000,4159000-41051006802,3358,8.600000000000000,7.900000000000000,"(45.49119381640, -122.718292339)",45.491193819999999,-122.718292300000002,11.600000000000000,9.100000000000000,3,3.000000000000000
-1,1,140,1,140,OR,Portland,4159000,41005022208.000000000000000,4159000-41005022208,75,11.000000000000000,9.000000000000000,"(45.45857738290, -122.521315368)",45.458577380000001,-122.521315400000006,11.600000000000000,9.100000000000000,0.000000000000000,0.000000000000000,0.000000000000000,0.000000000000000,OR,Portland,4159000,41005022208.000000000000000,4159000-41005022208,75,11.000000000000000,9.000000000000000,"(45.45857738290, -122.521315368)",45.458577380000001,-122.521315400000006,11.600000000000000,9.100000000000000,2,2.000000000000000
-1,1,141,1,141,OR,Portland,4159000,41051006900.000000000000000,4159000-41051006900,1610,8.100000000000000,7.800000000000000,"(45.50976019370, -122.728937806)",45.509760190000002,-122.728937799999997,11.600000000000000,9.100000000000000,0.000000000000000,0.000000000000000,0.000000000000000,0.000000000000000,OR,Portland,4159000,41051006900.000000000000000,4159000-41051006900,1610,8.100000000000000,7.800000000000000,"(45.50976019370, -122.728937806)",45.509760190000002,-122.728937799999997,11.600000000000000,9.100000000000000,2,2.000000000000000
-1,1,142,1,142,OR,Portland,4159000,41051009400.000000000000000,4159000-41051009400,6659,11.199999999999999,13.300000000000001,"(45.53891343070, -122.518191018)",45.538913430000001,-122.518191000000002,11.600000000000000,9.100000000000000,0.000000000000000,1.000000000000000,1.000000000000000,0.000000000000000,OR,Portland,4159000,41051009400.000000000000000,4159000-41051009400,6659,11.199999999999999,13.300000000000001,"(45.53891343070, -122.518191018)",45.538913430000001,-122.518191000000002,11.600000000000000,9.100000000000000,3,4.000000000000000
-1,1,143,1,143,OR,Portland,4159000,41051002501.000000000000000,4159000-41051002501,4573,8.400000000000000,7.700000000000000,"(45.54359636630, -122.638990890)",45.543596370000003,-122.638990899999996,11.600000000000000,9.100000000000000,0.000000000000000,0.000000000000000,0.000000000000000,0.000000000000000,OR,Portland,4159000,41051002501.000000000000000,4159000-41051002501,4573,8.400000000000000,7.700000000000000,"(45.54359636630, -122.638990890)",45.543596370000003,-122.638990899999996,11.600000000000000,9.100000000000000,2,2.000000000000000
-1,1,144,1,144,OR,Portland,4159000,41051004800.000000000000000,4159000-41051004800,2758,10.600000000000000,6.700000000000000,"(45.52712671350, -122.694996249)",45.527126709999997,-122.694996200000006,11.600000000000000,9.100000000000000,0.000000000000000,0.000000000000000,0.000000000000000,0.000000000000000,OR,Portland,4159000,41051004800.000000000000000,4159000-41051004800,2758,10.600000000000000,6.700000000000000,"(45.52712671350, -122.694996249)",45.527126709999997,-122.694996200000006,11.600000000000000,9.100000000000000,3,3.000000000000000
-1,1,145,1,145,OR,Portland,4159000,41051002502.000000000000000,4159000-41051002502,3872,9.900000000000000,7.600000000000000,"(45.53497432210, -122.639160312)",45.534974320000003,-122.639160300000000,11.600000000000000,9.100000000000000,0.000000000000000,0.000000000000000,0.000000000000000,0.000000000000000,OR,Portland,4159000,41051002502.000000000000000,4159000-41051002502,3872,9.900000000000000,7.600000000000000,"(45.53497432210, -122.639160312)",45.534974320000003,-122.639160300000000,11.600000000000000,9.100000000000000,2,2.000000000000000
-1,1,146,1,146,OR,Portland,4159000,41051004601.000000000000000,4159000-41051004601,3219,7.600000000000000,7.200000000000000,"(45.51965830700, -122.710234752)",45.519658309999997,-122.710234799999995,11.600000000000000,9.100000000000000,0.000000000000000,0.000000000000000,0.000000000000000,0.000000000000000,OR,Portland,4159000,41051004601.000000000000000,4159000-41051004601,3219,7.600000000000000,7.200000000000000,"(45.51965830700, -122.710234752)",45.519658309999997,-122.710234799999995,11.600000000000000,9.100000000000000,3,3.000000000000000
-1,1,147,1,147,OR,Portland,4159000,41051004602.000000000000000,4159000-41051004602,2011,8.000000000000000,7.600000000000000,"(45.51000803190, -122.702722517)",45.510008030000002,-122.702722499999993,11.600000000000000,9.100000000000000,0.000000000000000,0.000000000000000,0.000000000000000,0.000000000000000,OR,Portland,4159000,41051004602.000000000000000,4159000-41051004602,2011,8.000000000000000,7.600000000000000,"(45.51000803190, -122.702722517)",45.510008030000002,-122.702722499999993,11.600000000000000,9.100000000000000,3,3.000000000000000
-1,1,148,1,148,OR,Portland,4159000,41051006300.000000000000000,4159000-41051006300,3485,10.600000000000000,6.100000000000000,"(45.45271362100, -122.676686021)",45.452713619999997,-122.676686000000004,11.600000000000000,9.100000000000000,0.000000000000000,0.000000000000000,0.000000000000000,0.000000000000000,OR,Portland,4159000,41051006300.000000000000000,4159000-41051006300,3485,10.600000000000000,6.100000000000000,"(45.45271362100, -122.676686021)",45.452713619999997,-122.676686000000004,11.600000000000000,9.100000000000000,1,1.000000000000000
-1,1,149,1,149,OR,Portland,4159000,41051000200.000000000000000,4159000-41051000200,5777,10.699999999999999,8.900000000000000,"(45.47421940540, -122.644247905)",45.474219410000003,-122.644247899999996,11.600000000000000,9.100000000000000,0.000000000000000,0.000000000000000,0.000000000000000,0.000000000000000,OR,Portland,4159000,41051000200.000000000000000,4159000-41051000200,5777,10.699999999999999,8.900000000000000,"(45.47421940540, -122.644247905)",45.474219410000003,-122.644247899999996,11.600000000000000,9.100000000000000,3,3.000000000000000
-1,1,150,1,150,OR,Portland,4159000,41051001601.000000000000000,4159000-41051001601,5961,10.000000000000000,9.300000000000001,"(45.51275864510, -122.590336982)",45.512758650000002,-122.590337000000005,11.600000000000000,9.100000000000000,0.000000000000000,1.000000000000000,1.000000000000000,0.000000000000000,OR,Portland,4159000,41051001601.000000000000000,4159000-41051001601,5961,10.000000000000000,9.300000000000001,"(45.51275864510, -122.590336982)",45.512758650000002,-122.590337000000005,11.600000000000000,9.100000000000000,3,4.000000000000000
-1,1,151,1,151,OR,Portland,4159000,41051006002.000000000000000,4159000-41051006002,2118,9.100000000000000,8.000000000000000,"(45.47513946860, -122.686977116)",45.475139470000002,-122.686977099999993,11.600000000000000,9.100000000000000,0.000000000000000,0.000000000000000,0.000000000000000,0.000000000000000,OR,Portland,4159000,41051006002.000000000000000,4159000-41051006002,2118,9.100000000000000,8.000000000000000,"(45.47513946860, -122.686977116)",45.475139470000002,-122.686977099999993,11.600000000000000,9.100000000000000,3,3.000000000000000
-1,1,152,1,152,OR,Portland,4159000,41051006701.000000000000000,4159000-41051006701,3053,9.199999999999999,9.000000000000000,"(45.48157488080, -122.733674915)",45.481574879999997,-122.733674899999997,11.600000000000000,9.100000000000000,0.000000000000000,0.000000000000000,0.000000000000000,0.000000000000000,OR,Portland,4159000,41051006701.000000000000000,4159000-41051006701,3053,9.199999999999999,9.000000000000000,"(45.48157488080, -122.733674915)",45.481574879999997,-122.733674899999997,11.600000000000000,9.100000000000000,3,3.000000000000000