OID,Join_Count,TARGET_FID,Join_Cou_1,TARGET_F_1,StateAbbr,PlaceName,PlaceFIPS,TractFIPS,Place_Trac,Population,MHLTH_Crud,PHLTH_Crud,Geolocatio,lat,long,MHLTH_Medi,PHLTH_Medi,MHLTH,PHLTH,Health,StateAbb_1,PlaceNam_1,PlaceFIP_1,TractFIP_1,Place_Tr_1,Populati_1,MHLTH_Cr_1,PHLTH_Cr_1,Geolocat_1,lat_1,long_1,MHLTH_Me_1,PHLTH_Me_1,Distance,Dist_HLTH
-1,1,0,1,0,WA,Seattle,5363000,53033001702.000000000000000,5363000-53033001702,4234,10.000000000000000,8.699999999999999,"(47.69652123560, -122.363948372)",47.696521240000003,-122.363948399999998,9.500000000000000,8.150000000000000,1.500000000000000,1.000000000000000,2.500000000000000,WA,Seattle,5363000,53033001702.000000000000000,5363000-53033001702,4234,10.000000000000000,8.699999999999999,"(47.69652123560, -122.363948372)",47.696521240000003,-122.363948399999998,9.500000000000000,8.150000000000000,2,4.500000000000000
-1,1,1,1,1,WA,Seattle,5363000,53033008500.000000000000000,5363000-53033008500,4341,12.699999999999999,12.000000000000000,"(47.60511253570, -122.324946395)",47.605112540000000,-122.324946400000002,9.500000000000000,8.150000000000000,1.500000000000000,1.000000000000000,2.500000000000000,WA,Seattle,5363000,53033008500.000000000000000,5363000-53033008500,4341,12.699999999999999,12.000000000000000,"(47.60511253570, -122.324946395)",47.605112540000000,-122.324946400000002,9.500000000000000,8.150000000000000,2,4.500000000000000
-1,1,2,1,2,WA,Seattle,5363000,53033011002.000000000000000,5363000-53033011002,4479,13.900000000000000,14.699999999999999,"(47.54041423320, -122.298910205)",47.540414230000003,-122.298910199999995,9.500000000000000,8.150000000000000,1.500000000000000,1.000000000000000,2.500000000000000,WA,Seattle,5363000,53033011002.000000000000000,5363000-53033011002,4479,13.900000000000000,14.699999999999999,"(47.54041423320, -122.298910205)",47.540414230000003,-122.298910199999995,9.500000000000000,8.150000000000000,1,3.500000000000000
-1,1,3,1,3,WA,Seattle,5363000,53033011001.000000000000000,5363000-53033011001,4534,15.000000000000000,16.500000000000000,"(47.53835966610, -122.286204744)",47.538359669999998,-122.286204699999999,9.500000000000000,8.150000000000000,1.500000000000000,1.000000000000000,2.500000000000000,WA,Seattle,5363000,53033011001.000000000000000,5363000-53033011001,4534,15.000000000000000,16.500000000000000,"(47.53835966610, -122.286204744)",47.538359669999998,-122.286204699999999,9.500000000000000,8.150000000000000,3,5.500000000000000
-1,1,4,1,4,WA,Seattle,5363000,53033005900.000000000000000,5363000-53033005900,6836,10.400000000000000,7.000000000000000,"(47.64842451110, -122.368400478)",47.648424509999998,-122.368400500000007,9.500000000000000,8.150000000000000,1.500000000000000,0.000000000000000,1.500000000000000,WA,Seattle,5363000,53033005900.000000000000000,5363000-53033005900,6836,10.400000000000000,7.000000000000000,"(47.64842451110, -122.368400478)",47.648424509999998,-122.368400500000007,9.500000000000000,8.150000000000000,2,3.500000000000000
-1,1,5,1,5,WA,Seattle,5363000,53033007402.000000000000000,5363000-53033007402,4921,10.900000000000000,7.000000000000000,"(47.61876077830, -122.324418839)",47.618760780000002,-122.324418800000004,9.500000000000000,8.150000000000000,1.500000000000000,0.000000000000000,1.500000000000000,WA,Seattle,5363000,53033007402.000000000000000,5363000-53033007402,4921,10.900000000000000,7.000000000000000,"(47.61876077830, -122.324418839)",47.618760780000002,-122.324418800000004,9.500000000000000,8.150000000000000,3,4.500000000000000
-1,1,6,1,6,WA,Seattle,5363000,53033001300.000000000000000,5363000-53033001300,4340,10.300000000000001,8.100000000000000,"(47.70228120540, -122.342179018)",47.702281210000002,-122.342179000000002,9.500000000000000,8.150000000000000,1.500000000000000,0.000000000000000,1.500000000000000,WA,Seattle,5363000,53033001300.000000000000000,5363000-53033001300,4340,10.300000000000001,8.100000000000000,"(47.70228120540, -122.342179018)",47.702281210000002,-122.342179000000002,9.500000000000000,8.150000000000000,3,4.500000000000000
-1,1,7,1,7,WA,Seattle,5363000,53033009400.000000000000000,5363000-53033009400,5700,11.199999999999999,10.400000000000000,"(47.58819261000, -122.309867202)",47.588192610000000,-122.309867199999999,9.500000000000000,8.150000000000000,1.500000000000000,1.000000000000000,2.500000000000000,WA,Seattle,5363000,53033009400.000000000000000,5363000-53033009400,5700,11.199999999999999,10.400000000000000,"(47.58819261000, -122.309867202)",47.588192610000000,-122.309867199999999,9.500000000000000,8.150000000000000,3,5.500000000000000
-1,1,8,1,8,WA,Seattle,5363000,53033011402.000000000000000,5363000-53033011402,4174,12.100000000000000,11.699999999999999,"(47.52066530380, -122.364625321)",47.520665299999997,-122.364625300000000,9.500000000000000,8.150000000000000,1.500000000000000,1.000000000000000,2.500000000000000,WA,Seattle,5363000,53033011402.000000000000000,5363000-53033011402,4174,12.100000000000000,11.699999999999999,"(47.52066530380, -122.364625321)",47.520665299999997,-122.364625300000000,9.500000000000000,8.150000000000000,3,5.500000000000000
-1,1,9,1,9,WA,Seattle,5363000,53033011401.000000000000000,5363000-53033011401,4027,12.400000000000000,10.300000000000001,"(47.52970616480, -122.362027890)",47.529706160000003,-122.362027900000001,9.500000000000000,8.150000000000000,1.500000000000000,1.000000000000000,2.500000000000000,WA,Seattle,5363000,53033011401.000000000000000,5363000-53033011401,4027,12.400000000000000,10.300000000000001,"(47.52970616480, -122.362027890)",47.529706160000003,-122.362027900000001,9.500000000000000,8.150000000000000,1,3.500000000000000
-1,1,10,1,10,WA,Seattle,5363000,53033004500.000000000000000,5363000-53033004500,2676,10.300000000000001,6.800000000000000,"(47.66858242790, -122.322911084)",47.668582430000001,-122.322911099999999,9.500000000000000,8.150000000000000,1.500000000000000,0.000000000000000,1.500000000000000,WA,Seattle,5363000,53033004500.000000000000000,5363000-53033004500,2676,10.300000000000001,6.800000000000000,"(47.66858242790, -122.322911084)",47.668582430000001,-122.322911099999999,9.500000000000000,8.150000000000000,3,4.500000000000000
-1,1,11,1,11,WA,Seattle,5363000,53033000100.000000000000000,5363000-53033000100,6255,11.000000000000000,10.100000000000000,"(47.72625422560, -122.282375824)",47.726254230000002,-122.282375799999997,9.500000000000000,8.150000000000000,1.500000000000000,1.000000000000000,2.500000000000000,WA,Seattle,5363000,53033000100.000000000000000,5363000-53033000100,6255,11.000000000000000,10.100000000000000,"(47.72625422560, -122.282375824)",47.726254230000002,-122.282375799999997,9.500000000000000,8.150000000000000,3,5.500000000000000
-1,1,12,1,12,WA,Seattle,5363000,53033012000.000000000000000,5363000-53033012000,3349,9.900000000000000,9.300000000000001,"(47.51292907140, -122.380680857)",47.512929069999998,-122.380680900000002,9.500000000000000,8.150000000000000,1.500000000000000,1.000000000000000,2.500000000000000,WA,Seattle,5363000,53033012000.000000000000000,5363000-53033012000,3349,9.900000000000000,9.300000000000001,"(47.51292907140, -122.380680857)",47.512929069999998,-122.380680900000002,9.500000000000000,8.150000000000000,2,4.500000000000000
-1,1,13,1,13,WA,Seattle,5363000,53033008002.000000000000000,5363000-53033008002,3013,11.400000000000000,10.800000000000001,"(47.61208708440, -122.345259193)",47.612087080000002,-122.345259200000001,9.500000000000000,8.150000000000000,1.500000000000000,1.000000000000000,2.500000000000000,WA,Seattle,5363000,53033008002.000000000000000,5363000-53033008002,3013,11.400000000000000,10.800000000000001,"(47.61208708440, -122.345259193)",47.612087080000002,-122.345259200000001,9.500000000000000,8.150000000000000,3,5.500000000000000
-1,1,14,1,14,WA,Seattle,5363000,53033010300.000000000000000,5363000-53033010300,5940,11.600000000000000,11.300000000000001,"(47.55413649910, -122.282639137)",47.554136499999998,-122.282639099999997,9.500000000000000,8.150000000000000,1.500000000000000,1.000000000000000,2.500000000000000,WA,Seattle,5363000,53033010300.000000000000000,5363000-53033010300,5940,11.600000000000000,11.300000000000001,"(47.55413649910, -122.282639137)",47.554136499999998,-122.282639099999997,9.500000000000000,8.150000000000000,3,5.500000000000000
-1,1,15,1,15,WA,Seattle,5363000,53033009300.000000000000000,5363000-53033009300,2354,11.199999999999999,10.800000000000001,"(47.57642780640, -122.330973144)",47.576427809999998,-122.330973099999994,9.500000000000000,8.150000000000000,1.500000000000000,1.000000000000000,2.500000000000000,WA,Seattle,5363000,53033009300.000000000000000,5363000-53033009300,2354,11.199999999999999,10.800000000000001,"(47.57642780640, -122.330973144)",47.576427809999998,-122.330973099999994,9.500000000000000,8.150000000000000,1,3.500000000000000
-1,1,16,1,16,WA,Seattle,5363000,53033011300.000000000000000,5363000-53033011300,5984,11.800000000000001,10.600000000000000,"(47.52743056840, -122.344728536)",47.527430570000000,-122.344728500000002,9.500000000000000,8.150000000000000,1.500000000000000,1.000000000000000,2.500000000000000,WA,Seattle,5363000,53033011300.000000000000000,5363000-53033011300,5984,11.800000000000001,10.600000000000000,"(47.52743056840, -122.344728536)",47.527430570000000,-122.344728500000002,9.500000000000000,8.150000000000000,3,5.500000000000000
-1,1,17,1,17,WA,Seattle,5363000,53033010702.000000000000000,5363000-53033010702,3679,15.900000000000000,14.699999999999999,"(47.54680437740, -122.373030215)",47.546804379999998,-122.373030200000002,9.500000000000000,8.150000000000000,1.500000000000000,1.000000000000000,2.500000000000000,WA,Seattle,5363000,53033010702.000000000000000,5363000-53033010702,3679,15.900000000000000,14.699999999999999,"(47.54680437740, -122.373030215)",47.546804379999998,-122.373030200000002,9.500000000000000,8.150000000000000,2,4.500000000000000
-1,1,18,1,18,WA,Seattle,5363000,53033010701.000000000000000,5363000-53033010701,3385,13.500000000000000,11.400000000000000,"(47.54289384380, -122.366043004)",47.542893839999998,-122.366043000000005,9.500000000000000,8.150000000000000,1.500000000000000,1.000000000000000,2.500000000000000,WA,Seattle,5363000,53033010701.000000000000000,5363000-53033010701,3385,13.500000000000000,11.400000000000000,"(47.54289384380, -122.366043004)",47.542893839999998,-122.366043000000005,9.500000000000000,8.150000000000000,1,3.500000000000000
-1,1,19,1,19,WA,Seattle,5363000,53033011101.000000000000000,5363000-53033011101,4390,11.400000000000000,11.800000000000001,"(47.53948424330, -122.277372611)",47.539484240000000,-122.277372600000007,9.500000000000000,8.150000000000000,1.500000000000000,1.000000000000000,2.500000000000000,WA,Seattle,5363000,53033011101.000000000000000,5363000-53033011101,4390,11.400000000000000,11.800000000000001,"(47.53948424330, -122.277372611)",47.539484240000000,-122.277372600000007,9.500000000000000,8.150000000000000,3,5.500000000000000
-1,1,20,1,20,WA,Seattle,5363000,53033005200.000000000000000,5363000-53033005200,6076,12.600000000000000,7.800000000000000,"(47.65896613270, -122.323089500)",47.658966130000003,-122.323089499999995,9.500000000000000,8.150000000000000,1.500000000000000,0.000000000000000,1.500000000000000,WA,Seattle,5363000,53033005200.000000000000000,5363000-53033005200,6076,12.600000000000000,7.800000000000000,"(47.65896613270, -122.323089500)",47.658966130000003,-122.323089499999995,9.500000000000000,8.150000000000000,3,4.500000000000000
-1,1,21,1,21,WA,Seattle,5363000,53033026500.000000000000000,5363000-53033026500,81,14.000000000000000,15.600000000000000,"(47.51739005610, -122.334279679)",47.517390059999997,-122.334279699999996,9.500000000000000,8.150000000000000,1.500000000000000,1.000000000000000,2.500000000000000,WA,Seattle,5363000,53033026500.000000000000000,5363000-53033026500,81,14.000000000000000,15.600000000000000,"(47.51739005610, -122.334279679)",47.517390059999997,-122.334279699999996,9.500000000000000,8.150000000000000,2,4.500000000000000
-1,1,22,1,22,WA,Seattle,5363000,53033007900.000000000000000,5363000-53033007900,5147,9.600000000000000,7.300000000000000,"(47.61438659500, -122.307672193)",47.614386600000003,-122.307672199999999,9.500000000000000,8.150000000000000,1.500000000000000,0.000000000000000,1.500000000000000,WA,Seattle,5363000,53033007900.000000000000000,5363000-53033007900,5147,9.600000000000000,7.300000000000000,"(47.61438659500, -122.307672193)",47.614386600000003,-122.307672199999999,9.500000000000000,8.150000000000000,3,4.500000000000000
-1,1,23,1,23,WA,Seattle,5363000,53033000401.000000000000000,5363000-53033000401,5551,11.500000000000000,11.800000000000001,"(47.72894391810, -122.352671867)",47.728943919999999,-122.352671900000004,9.500000000000000,8.150000000000000,1.500000000000000,1.000000000000000,2.500000000000000,WA,Seattle,5363000,53033000401.000000000000000,5363000-53033000401,5551,11.500000000000000,11.800000000000001,"(47.72894391810, -122.352671867)",47.728943919999999,-122.352671900000004,9.500000000000000,8.150000000000000,3,5.500000000000000
-1,1,24,1,24,WA,Seattle,5363000,53033008700.000000000000000,5363000-53033008700,3843,11.900000000000000,9.699999999999999,"(47.60592366600, -122.307790972)",47.605923670000003,-122.307790999999995,9.500000000000000,8.150000000000000,1.500000000000000,1.000000000000000,2.500000000000000,WA,Seattle,5363000,53033008700.000000000000000,5363000-53033008700,3843,11.900000000000000,9.699999999999999,"(47.60592366600, -122.307790972)",47.605923670000003,-122.307790999999995,9.500000000000000,8.150000000000000,3,5.500000000000000
-1,1,25,1,25,WA,Seattle,5363000,53033001400.000000000000000,5363000-53033001400,4848,10.400000000000000,9.400000000000000,"(47.70672755020, -122.366496857)",47.706727549999997,-122.366496900000001,9.500000000000000,8.150000000000000,1.500000000000000,1.000000000000000,2.500000000000000,WA,Seattle,5363000,53033001400.000000000000000,5363000-53033001400,4848,10.400000000000000,9.400000000000000,"(47.70672755020, -122.366496857)",47.706727549999997,-122.366496900000001,9.500000000000000,8.150000000000000,3,5.500000000000000
-1,1,26,1,26,WA,Seattle,5363000,53033011700.000000000000000,5363000-53033011700,5538,11.000000000000000,11.199999999999999,"(47.52017228130, -122.282851377)",47.520172279999997,-122.282851399999998,9.500000000000000,8.150000000000000,1.500000000000000,1.000000000000000,2.500000000000000,WA,Seattle,5363000,53033011700.000000000000000,5363000-53033011700,5538,11.000000000000000,11.199999999999999,"(47.52017228130, -122.282851377)",47.520172279999997,-122.282851399999998,9.500000000000000,8.150000000000000,1,3.500000000000000
-1,1,27,1,27,WA,Seattle,5363000,53033010001.000000000000000,5363000-53033010001,3769,11.100000000000000,11.500000000000000,"(47.56799333100, -122.305027853)",47.567993330000000,-122.305027899999999,9.500000000000000,8.150000000000000,1.500000000000000,1.000000000000000,2.500000000000000,WA,Seattle,5363000,53033010001.000000000000000,5363000-53033010001,3769,11.100000000000000,11.500000000000000,"(47.56799333100, -122.305027853)",47.567993330000000,-122.305027899999999,9.500000000000000,8.150000000000000,3,5.500000000000000
-1,1,28,1,28,WA,Seattle,5363000,53033010002.000000000000000,5363000-53033010002,4313,10.699999999999999,10.000000000000000,"(47.57657902680, -122.309572766)",47.576579029999998,-122.309572799999998,9.500000000000000,8.150000000000000,1.500000000000000,1.000000000000000,2.500000000000000,WA,Seattle,5363000,53033010002.000000000000000,5363000-53033010002,4313,10.699999999999999,10.000000000000000,"(47.57657902680, -122.309572766)",47.576579029999998,-122.309572799999998,9.500000000000000,8.150000000000000,2,4.500000000000000
-1,1,29,1,29,WA,Seattle,5363000,53033007500.000000000000000,5363000-53033007500,6282,9.600000000000000,6.500000000000000,"(47.61839027260, -122.316886042)",47.618390269999999,-122.316885999999997,9.500000000000000,8.150000000000000,1.500000000000000,0.000000000000000,1.500000000000000,WA,Seattle,5363000,53033007500.000000000000000,5363000-53033007500,6282,9.600000000000000,6.500000000000000,"(47.61839027260, -122.316886042)",47.618390269999999,-122.316885999999997,9.500000000000000,8.150000000000000,3,4.500000000000000
-1,1,30,1,30,WA,Seattle,5363000,53033001000.000000000000000,5363000-53033001000,1941,10.300000000000001,9.600000000000000,"(47.70640681840, -122.296064790)",47.706406819999998,-122.296064799999996,9.500000000000000,8.150000000000000,1.500000000000000,1.000000000000000,2.500000000000000,WA,Seattle,5363000,53033001000.000000000000000,5363000-53033001000,1941,10.300000000000001,9.600000000000000,"(47.70640681840, -122.296064790)",47.706406819999998,-122.296064799999996,9.500000000000000,8.150000000000000,1,3.500000000000000
-1,1,31,1,31,WA,Seattle,5363000,53033009500.000000000000000,5363000-53033009500,5906,9.800000000000001,9.900000000000000,"(47.58197536270, -122.283080010)",47.581975360000001,-122.283079999999998,9.500000000000000,8.150000000000000,1.500000000000000,1.000000000000000,2.500000000000000,WA,Seattle,5363000,53033009500.000000000000000,5363000-53033009500,5906,9.800000000000001,9.900000000000000,"(47.58197536270, -122.283080010)",47.581975360000001,-122.283079999999998,9.500000000000000,8.150000000000000,3,5.500000000000000
-1,1,32,1,32,WA,Seattle,5363000,53033010800.000000000000000,5363000-53033010800,4596,10.800000000000001,9.600000000000000,"(47.54801651960, -122.351573587)",47.548016519999997,-122.351573599999995,9.500000000000000,8.150000000000000,1.500000000000000,1.000000000000000,2.500000000000000,WA,Seattle,5363000,53033010800.000000000000000,5363000-53033010800,4596,10.800000000000001,9.600000000000000,"(47.54801651960, -122.351573587)",47.548016519999997,-122.351573599999995,9.500000000000000,8.150000000000000,2,4.500000000000000
-1,1,33,1,33,WA,Seattle,5363000,53033004400.000000000000000,5363000-53033004400,6260,12.100000000000000,7.500000000000000,"(47.67034111060, -122.311932388)",47.670341110000003,-122.311932400000003,9.500000000000000,8.150000000000000,1.500000000000000,0.000000000000000,1.500000000000000,WA,Seattle,5363000,53033004400.000000000000000,5363000-53033004400,6260,12.100000000000000,7.500000000000000,"(47.67034111060, -122.311932388)",47.670341110000003,-122.311932400000003,9.500000000000000,8.150000000000000,3,4.500000000000000
-1,1,34,1,34,WA,Seattle,5363000,53033001800.000000000000000,5363000-53033001800,4535,11.400000000000000,7.900000000000000,"(47.69404502200, -122.341977901)",47.694045019999997,-122.341977900000003,9.500000000000000,8.150000000000000,1.500000000000000,0.000000000000000,1.500000000000000,WA,Seattle,5363000,53033001800.000000000000000,5363000-53033001800,4535,11.400000000000000,7.900000000000000,"(47.69404502200, -122.341977901)",47.694045019999997,-122.341977900000003,9.500000000000000,8.150000000000000,2,3.500000000000000
-1,1,35,1,35,WA,Seattle,5363000,53033026001.000000000000000,5363000-53033026001,106,11.400000000000000,11.000000000000000,"(47.50349590860, -122.245492605)",47.503495909999998,-122.245492600000006,9.500000000000000,8.150000000000000,1.500000000000000,1.000000000000000,2.500000000000000,WA,Seattle,5363000,53033026001.000000000000000,5363000-53033026001,106,11.400000000000000,11.000000000000000,"(47.50349590860, -122.245492605)",47.503495909999998,-122.245492600000006,9.500000000000000,8.150000000000000,3,5.500000000000000
-1,1,36,1,36,WA,Seattle,5363000,53033001900.000000000000000,5363000-53033001900,4157,9.699999999999999,8.100000000000000,"(47.69653508470, -122.326216042)",47.696535079999997,-122.326216000000002,9.500000000000000,8.150000000000000,1.500000000000000,0.000000000000000,1.500000000000000,WA,Seattle,5363000,53033001900.000000000000000,5363000-53033001900,4157,9.699999999999999,8.100000000000000,"(47.69653508470, -122.326216042)",47.696535079999997,-122.326216000000002,9.500000000000000,8.150000000000000,1,2.500000000000000
-1,1,37,1,37,WA,Seattle,5363000,53033008900.000000000000000,5363000-53033008900,4829,10.699999999999999,9.699999999999999,"(47.59639732610, -122.284599271)",47.596397330000002,-122.284599299999996,9.500000000000000,8.150000000000000,1.500000000000000,1.000000000000000,2.500000000000000,WA,Seattle,5363000,53033008900.000000000000000,5363000-53033008900,4829,10.699999999999999,9.699999999999999,"(47.59639732610, -122.284599271)",47.596397330000002,-122.284599299999996,9.500000000000000,8.150000000000000,3,5.500000000000000
-1,1,38,1,38,WA,Seattle,5363000,53033000300.000000000000000,5363000-53033000300,2603,11.199999999999999,10.300000000000001,"(47.73052448510, -122.332922932)",47.730524490000001,-122.332922900000000,9.500000000000000,8.150000000000000,1.500000000000000,1.000000000000000,2.500000000000000,WA,Seattle,5363000,53033000300.000000000000000,5363000-53033000300,2603,11.199999999999999,10.300000000000001,"(47.73052448510, -122.332922932)",47.730524490000001,-122.332922900000000,9.500000000000000,8.150000000000000,2,4.500000000000000
-1,1,39,1,39,WA,Seattle,5363000,53033010401.000000000000000,5363000-53033010401,4432,11.400000000000000,12.000000000000000,"(47.55320414510, -122.295637891)",47.553204149999999,-122.295637900000003,9.500000000000000,8.150000000000000,1.500000000000000,1.000000000000000,2.500000000000000,WA,Seattle,5363000,53033010401.000000000000000,5363000-53033010401,4432,11.400000000000000,12.000000000000000,"(47.55320414510, -122.295637891)",47.553204149999999,-122.295637900000003,9.500000000000000,8.150000000000000,3,5.500000000000000
-1,1,40,1,40,WA,Seattle,5363000,53033009000.000000000000000,5363000-53033009000,2925,10.500000000000000,11.000000000000000,"(47.59826418900, -122.309097655)",47.598264190000002,-122.309097699999995,9.500000000000000,8.150000000000000,1.500000000000000,1.000000000000000,2.500000000000000,WA,Seattle,5363000,53033009000.000000000000000,5363000-53033009000,2925,10.500000000000000,11.000000000000000,"(47.59826418900, -122.309097655)",47.598264190000002,-122.309097699999995,9.500000000000000,8.150000000000000,3,5.500000000000000
-1,1,41,1,41,WA,Seattle,5363000,53033011200.000000000000000,5363000-53033011200,3873,14.400000000000000,14.400000000000000,"(47.52900993980, -122.326223335)",47.529009940000002,-122.326223299999995,9.500000000000000,8.150000000000000,1.500000000000000,1.000000000000000,2.500000000000000,WA,Seattle,5363000,53033011200.000000000000000,5363000-53033011200,3873,14.400000000000000,14.400000000000000,"(47.52900993980, -122.326223335)",47.529009940000002,-122.326223299999995,9.500000000000000,8.150000000000000,3,5.500000000000000
-1,1,42,1,42,WA,Seattle,5363000,53033005301.000000000000000,5363000-53033005301,7085,16.800000000000001,8.400000000000000,"(47.66150509520, -122.313121537)",47.661505099999999,-122.313121499999994,9.500000000000000,8.150000000000000,1.500000000000000,1.000000000000000,2.500000000000000,WA,Seattle,5363000,53033005301.000000000000000,5363000-53033005301,7085,16.800000000000001,8.400000000000000,"(47.66150509520, -122.313121537)",47.661505099999999,-122.313121499999994,9.500000000000000,8.150000000000000,2,4.500000000000000
-1,1,43,1,43,WA,Seattle,5363000,53033005302.000000000000000,5363000-53033005302,5706,17.899999999999999,6.900000000000000,"(47.65391343470, -122.301865562)",47.653913430000003,-122.301865599999999,9.500000000000000,8.150000000000000,1.500000000000000,0.000000000000000,1.500000000000000,WA,Seattle,5363000,53033005302.000000000000000,5363000-53033005302,5706,17.899999999999999,6.900000000000000,"(47.65391343470, -122.301865562)",47.653913430000003,-122.301865599999999,9.500000000000000,8.150000000000000,2,3.500000000000000
-1,1,44,1,44,WA,Seattle,5363000,53033000700.000000000000000,5363000-53033000700,4438,10.800000000000001,9.300000000000001,"(47.71568919640, -122.301863186)",47.715689200000000,-122.301863200000000,9.500000000000000,8.150000000000000,1.500000000000000,1.000000000000000,2.500000000000000,WA,Seattle,5363000,53033000700.000000000000000,5363000-53033000700,4438,10.800000000000001,9.300000000000001,"(47.71568919640, -122.301863186)",47.715689200000000,-122.301863200000000,9.500000000000000,8.150000000000000,3,5.500000000000000
-1,1,45,1,45,WA,Seattle,5363000,53033008600.000000000000000,5363000-53033008600,5055,12.699999999999999,7.100000000000000,"(47.60710165620, -122.316689264)",47.607101659999998,-122.316689299999993,9.500000000000000,8.150000000000000,1.500000000000000,0.000000000000000,1.500000000000000,WA,Seattle,5363000,53033008600.000000000000000,5363000-53033008600,5055,12.699999999999999,7.100000000000000,"(47.60710165620, -122.316689264)",47.607101659999998,-122.316689299999993,9.500000000000000,8.150000000000000,3,4.500000000000000
-1,1,46,1,46,WA,Seattle,5363000,53033010100.000000000000000,5363000-53033010100,6553,10.800000000000001,11.100000000000000,"(47.56683441460, -122.275474923)",47.566834409999998,-122.275474900000006,9.500000000000000,8.150000000000000,1.500000000000000,1.000000000000000,2.500000000000000,WA,Seattle,5363000,53033010100.000000000000000,5363000-53033010100,6553,10.800000000000001,11.100000000000000,"(47.56683441460, -122.275474923)",47.566834409999998,-122.275474900000006,9.500000000000000,8.150000000000000,3,5.500000000000000
-1,1,47,1,47,WA,Seattle,5363000,53033009200.000000000000000,5363000-53033009200,2825,12.600000000000000,14.000000000000000,"(47.60052013020, -122.334321409)",47.600520130000000,-122.334321399999993,9.500000000000000,8.150000000000000,1.500000000000000,1.000000000000000,2.500000000000000,WA,Seattle,5363000,53033009200.000000000000000,5363000-53033009200,2825,12.600000000000000,14.000000000000000,"(47.60052013020, -122.334321409)",47.600520130000000,-122.334321399999993,9.500000000000000,8.150000000000000,3,5.500000000000000
-1,1,48,1,48,WA,Seattle,5363000,53033010900.000000000000000,5363000-53033010900,1287,10.199999999999999,8.600000000000000,"(47.54219647850, -122.319706528)",47.542196480000001,-122.319706499999995,9.500000000000000,8.150000000000000,1.500000000000000,1.000000000000000,2.500000000000000,WA,Seattle,5363000,53033010900.000000000000000,5363000-53033010900,1287,10.199999999999999,8.600000000000000,"(47.54219647850, -122.319706528)",47.542196480000001,-122.319706499999995,9.500000000000000,8.150000000000000,3,5.500000000000000
-1,1,49,1,49,WA,Seattle,5363000,53033005801.000000000000000,5363000-53033005801,4743,10.000000000000000,8.100000000000000,"(47.65520106840, -122.385597536)",47.655201069999997,-122.385597500000003,9.500000000000000,8.150000000000000,1.500000000000000,0.000000000000000,1.500000000000000,WA,Seattle,5363000,53033005801.000000000000000,5363000-53033005801,4743,10.000000000000000,8.100000000000000,"(47.65520106840, -122.385597536)",47.655201069999997,-122.385597500000003,9.500000000000000,8.150000000000000,3,4.500000000000000
-1,1,50,1,50,WA,Seattle,5363000,53033008800.000000000000000,5363000-53033008800,3503,10.500000000000000,8.900000000000000,"(47.60733010000, -122.297632377)",47.607330099999999,-122.297632399999998,9.500000000000000,8.150000000000000,1.500000000000000,1.000000000000000,2.500000000000000,WA,Seattle,5363000,53033008800.000000000000000,5363000-53033008800,3503,10.500000000000000,8.900000000000000,"(47.60733010000, -122.297632377)",47.607330099999999,-122.297632399999998,9.500000000000000,8.150000000000000,3,5.500000000000000
-1,1,51,1,51,WA,Seattle,5363000,53033000200.000000000000000,5363000-53033000200,7646,9.800000000000001,9.199999999999999,"(47.72664019670, -122.309996158)",47.726640199999999,-122.309996200000000,9.500000000000000,8.150000000000000,1.500000000000000,1.000000000000000,2.500000000000000,WA,Seattle,5363000,53033000200.000000000000000,5363000-53033000200,7646,9.800000000000001,9.199999999999999,"(47.72664019670, -122.309996158)",47.726640199999999,-122.309996200000000,9.500000000000000,8.150000000000000,3,5.500000000000000
-1,1,52,1,52,WA,Seattle,5363000,53033009100.000000000000000,5363000-53033009100,2508,12.000000000000000,15.300000000000001,"(47.59842321360, -122.321754376)",47.598423210000000,-122.321754400000003,9.500000000000000,8.150000000000000,1.500000000000000,1.000000000000000,2.500000000000000,WA,Seattle,5363000,53033009100.000000000000000,5363000-53033009100,2508,12.000000000000000,15.300000000000001,"(47.59842321360, -122.321754376)",47.598423210000000,-122.321754400000003,9.500000000000000,8.150000000000000,3,5.500000000000000
-1,1,53,1,53,WA,Seattle,5363000,53033004302.000000000000000,5363000-53033004302,3518,14.800000000000001,8.199999999999999,"(47.66474069670, -122.303594998)",47.664740700000003,-122.303595000000001,9.500000000000000,8.150000000000000,1.500000000000000,1.000000000000000,2.500000000000000,WA,Seattle,5363000,53033004302.000000000000000,5363000-53033004302,3518,14.800000000000001,8.199999999999999,"(47.66474069670, -122.303594998)",47.664740700000003,-122.303595000000001,9.500000000000000,8.150000000000000,3,5.500000000000000
-1,1,54,1,54,WA,Seattle,5363000,53033004301.000000000000000,5363000-53033004301,3531,10.100000000000000,7.800000000000000,"(47.66940200680, -122.300222224)",47.669402009999999,-122.300222199999993,9.500000000000000,8.150000000000000,1.500000000000000,0.000000000000000,1.500000000000000,WA,Seattle,5363000,53033004301.000000000000000,5363000-53033004301,3531,10.100000000000000,7.800000000000000,"(47.66940200680, -122.300222224)",47.669402009999999,-122.300222199999993,9.500000000000000,8.150000000000000,3,4.500000000000000
-1,1,55,1,55,WA,Seattle,5363000,53033011900.000000000000000,5363000-53033011900,7108,11.600000000000000,12.000000000000000,"(47.50845637190, -122.251967372)",47.508456369999998,-122.251967399999998,9.500000000000000,8.150000000000000,1.500000000000000,1.000000000000000,2.500000000000000,WA,Seattle,5363000,53033011900.000000000000000,5363000-53033011900,7108,11.600000000000000,12.000000000000000,"(47.50845637190, -122.251967372)",47.508456369999998,-122.251967399999998,9.500000000000000,8.150000000000000,3,5.500000000000000
-1,1,56,1,56,WA,Seattle,5363000,53033011102.000000000000000,5363000-53033011102,4419,11.800000000000001,12.900000000000000,"(47.53936993080, -122.259984057)",47.539369929999999,-122.259984099999997,9.500000000000000,8.150000000000000,1.500000000000000,1.000000000000000,2.500000000000000,WA,Seattle,5363000,53033011102.000000000000000,5363000-53033011102,4419,11.800000000000001,12.900000000000000,"(47.53936993080, -122.259984057)",47.539369929999999,-122.259984099999997,9.500000000000000,8.150000000000000,3,5.500000000000000
-1,1,57,1,57,WA,Seattle,5363000,53033001200.000000000000000,5363000-53033001200,6494,11.300000000000001,10.400000000000000,"(47.70712138490, -122.322819507)",47.707121379999997,-122.322819499999994,9.500000000000000,8.150000000000000,1.500000000000000,1.000000000000000,2.500000000000000,WA,Seattle,5363000,53033001200.000000000000000,5363000-53033001200,6494,11.300000000000001,10.400000000000000,"(47.70712138490, -122.322819507)",47.707121379999997,-122.322819499999994,9.500000000000000,8.150000000000000,3,5.500000000000000
-1,1,58,1,58,WA,Seattle,5363000,53033000600.000000000000000,5363000-53033000600,7626,10.300000000000001,9.500000000000000,"(47.71791701490, -122.332531521)",47.717917010000001,-122.332531500000002,9.500000000000000,8.150000000000000,1.500000000000000,1.000000000000000,2.500000000000000,WA,Seattle,5363000,53033000600.000000000000000,5363000-53033000600,7626,10.300000000000001,9.500000000000000,"(47.71791701490, -122.332531521)",47.717917010000001,-122.332531500000002,9.500000000000000,8.150000000000000,3,5.500000000000000
-1,1,59,1,59,WA,Seattle,5363000,53033011500.000000000000000,5363000-53033011500,4191,10.000000000000000,8.800000000000001,"(47.53018362580, -122.375532980)",47.530183630000003,-122.375533000000004,9.500000000000000,8.150000000000000,1.500000000000000,1.000000000000000,2.500000000000000,WA,Seattle,5363000,53033011500.000000000000000,5363000-53033011500,4191,10.000000000000000,8.800000000000001,"(47.53018362580, -122.375532980)",47.530183630000003,-122.375533000000004,9.500000000000000,8.150000000000000,1,3.500000000000000
-1,1,60,1,60,WA,Seattle,5363000,53033008100.000000000000000,5363000-53033008100,4070,10.500000000000000,10.699999999999999,"(47.60623096110, -122.339238220)",47.606230959999998,-122.339238199999997,9.500000000000000,8.150000000000000,1.500000000000000,1.000000000000000,2.500000000000000,WA,Seattle,5363000,53033008100.000000000000000,5363000-53033008100,4070,10.500000000000000,10.699999999999999,"(47.60623096110, -122.339238220)",47.606230959999998,-122.339238199999997,9.500000000000000,8.150000000000000,3,5.500000000000000
-1,1,61,1,61,WA,Seattle,5363000,53033011800.000000000000000,5363000-53033011800,7383,15.000000000000000,15.699999999999999,"(47.52314388230, -122.259032300)",47.523143879999999,-122.259032300000001,9.500000000000000,8.150000000000000,1.500000000000000,1.000000000000000,2.500000000000000,WA,Seattle,5363000,53033011800.000000000000000,5363000-53033011800,7383,15.000000000000000,15.699999999999999,"(47.52314388230, -122.259032300)",47.523143879999999,-122.259032300000001,9.500000000000000,8.150000000000000,3,5.500000000000000
-1,1,62,1,62,WA,Seattle,5363000,53033002600.000000000000000,5363000-53033002600,4660,9.100000000000000,7.400000000000000,"(47.68274525150, -122.311928355)",47.682745250000004,-122.311928399999999,9.500000000000000,8.150000000000000,0.000000000000000,0.000000000000000,0.000000000000000,WA,Seattle,5363000,53033002600.000000000000000,5363000-53033002600,4660,9.100000000000000,7.400000000000000,"(47.68274525150, -122.311928355)",47.682745250000004,-122.311928399999999,9.500000000000000,8.150000000000000,2,2.000000000000000
-1,1,63,1,63,WA,Seattle,5363000,53033010200.000000000000000,5363000-53033010200,4835,8.699999999999999,8.699999999999999,"(47.55379972480, -122.259244355)",47.553799720000001,-122.259244400000000,9.500000000000000,8.150000000000000,0.000000000000000,1.000000000000000,1.000000000000000,WA,Seattle,5363000,53033010200.000000000000000,5363000-53033010200,4835,8.699999999999999,8.699999999999999,"(47.55379972480, -122.259244355)",47.553799720000001,-122.259244400000000,9.500000000000000,8.150000000000000,3,4.000000000000000
-1,1,64,1,64,WA,Seattle,5363000,53033004100.000000000000000,5363000-53033004100,7789,7.800000000000000,7.400000000000000,"(47.66011163950, -122.262670783)",47.660111639999997,-122.262670799999995,9.500000000000000,8.150000000000000,0.000000000000000,0.000000000000000,0.000000000000000,WA,Seattle,5363000,53033004100.000000000000000,5363000-53033004100,7789,7.800000000000000,7.400000000000000,"(47.66011163950, -122.262670783)",47.660111639999997,-122.262670799999995,9.500000000000000,8.150000000000000,1,1.000000000000000
-1,1,65,1,65,WA,Seattle,5363000,53033006700.000000000000000,5363000-53033006700,6544,8.600000000000000,6.100000000000000,"(47.63222610100, -122.344663797)",47.632226099999997,-122.344663800000006,9.500000000000000,8.150000000000000,0.000000000000000,0.000000000000000,0.000000000000000,WA,Seattle,5363000,53033006700.000000000000000,5363000-53033006700,6544,8.600000000000000,6.100000000000000,"(47.63222610100, -122.344663797)",47.632226099999997,-122.344663800000006,9.500000000000000,8.150000000000000,3,3.000000000000000
-1,1,66,1,66,WA,Seattle,5363000,53033007000.000000000000000,5363000-53033007000,6959,8.900000000000000,6.900000000000000,"(47.62823285940, -122.356806222)",47.628232859999997,-122.356806199999994,9.500000000000000,8.150000000000000,0.000000000000000,0.000000000000000,0.000000000000000,WA,Seattle,5363000,53033007000.000000000000000,5363000-53033007000,6959,8.900000000000000,6.900000000000000,"(47.62823285940, -122.356806222)",47.628232859999997,-122.356806199999994,9.500000000000000,8.150000000000000,3,3.000000000000000
-1,1,67,1,67,WA,Seattle,5363000,53033000500.000000000000000,5363000-53033000500,3165,8.000000000000000,9.000000000000000,"(47.72243978560, -122.370668003)",47.722439790000003,-122.370667999999995,9.500000000000000,8.150000000000000,0.000000000000000,1.000000000000000,1.000000000000000,WA,Seattle,5363000,53033000500.000000000000000,5363000-53033000500,3165,8.000000000000000,9.000000000000000,"(47.72243978560, -122.370668003)",47.722439790000003,-122.370667999999995,9.500000000000000,8.150000000000000,2,3.000000000000000
-1,1,68,1,68,WA,Seattle,5363000,53033001701.000000000000000,5363000-53033001701,3818,9.500000000000000,7.200000000000000,"(47.69636219640, -122.354484063)",47.696362200000003,-122.354484099999993,9.500000000000000,8.150000000000000,0.000000000000000,0.000000000000000,0.000000000000000,WA,Seattle,5363000,53033001701.000000000000000,5363000-53033001701,3818,9.500000000000000,7.200000000000000,"(47.69636219640, -122.354484063)",47.696362200000003,-122.354484099999993,9.500000000000000,8.150000000000000,3,3.000000000000000
-1,1,69,1,69,WA,Seattle,5363000,53033010600.000000000000000,5363000-53033010600,7310,9.500000000000000,8.800000000000001,"(47.54808388180, -122.392197893)",47.548083880000000,-122.392197899999999,9.500000000000000,8.150000000000000,0.000000000000000,1.000000000000000,1.000000000000000,WA,Seattle,5363000,53033010600.000000000000000,5363000-53033010600,7310,9.500000000000000,8.800000000000001,"(47.54808388180, -122.392197893)",47.548083880000000,-122.392197899999999,9.500000000000000,8.150000000000000,3,4.000000000000000
-1,1,70,1,70,WA,Seattle,5363000,53033007800.000000000000000,5363000-53033007800,5145,7.800000000000000,7.700000000000000,"(47.61357160350, -122.279022669)",47.613571600000000,-122.279022699999999,9.500000000000000,8.150000000000000,0.000000000000000,0.000000000000000,0.000000000000000,WA,Seattle,5363000,53033007800.000000000000000,5363000-53033007800,5145,7.800000000000000,7.700000000000000,"(47.61357160350, -122.279022669)",47.613571600000000,-122.279022699999999,9.500000000000000,8.150000000000000,3,3.000000000000000
-1,1,71,1,71,WA,Seattle,5363000,53033002800.000000000000000,5363000-53033002800,4481,8.699999999999999,6.600000000000000,"(47.68512015090, -122.349925552)",47.685120150000003,-122.349925600000006,9.500000000000000,8.150000000000000,0.000000000000000,0.000000000000000,0.000000000000000,WA,Seattle,5363000,53033002800.000000000000000,5363000-53033002800,4481,8.699999999999999,6.600000000000000,"(47.68512015090, -122.349925552)",47.685120150000003,-122.349925600000006,9.500000000000000,8.150000000000000,2,2.000000000000000
-1,1,72,1,72,WA,Seattle,5363000,53033003400.000000000000000,5363000-53033003400,3302,8.400000000000000,6.600000000000000,"(47.67406477550, -122.361746269)",47.674064780000002,-122.361746299999993,9.500000000000000,8.150000000000000,0.000000000000000,0.000000000000000,0.000000000000000,WA,Seattle,5363000,53033003400.000000000000000,5363000-53033003400,3302,8.400000000000000,6.600000000000000,"(47.67406477550, -122.361746269)",47.674064780000002,-122.361746299999993,9.500000000000000,8.150000000000000,2,2.000000000000000
-1,1,73,1,73,WA,Seattle,5363000,53033002200.000000000000000,5363000-53033002200,5286,7.300000000000000,7.700000000000000,"(47.69359572700, -122.271631643)",47.693595729999998,-122.271631600000006,9.500000000000000,8.150000000000000,0.000000000000000,0.000000000000000,0.000000000000000,WA,Seattle,5363000,53033002200.000000000000000,5363000-53033002200,5286,7.300000000000000,7.700000000000000,"(47.69359572700, -122.271631643)",47.693595729999998,-122.271631600000006,9.500000000000000,8.150000000000000,3,3.000000000000000
-1,1,74,1,74,WA,Seattle,5363000,53033003500.000000000000000,5363000-53033003500,3936,8.500000000000000,7.600000000000000,"(47.67254689680, -122.352088050)",47.672546900000000,-122.352088100000003,9.500000000000000,8.150000000000000,0.000000000000000,0.000000000000000,0.000000000000000,WA,Seattle,5363000,53033003500.000000000000000,5363000-53033003500,3936,8.500000000000000,7.600000000000000,"(47.67254689680, -122.352088050)",47.672546900000000,-122.352088100000003,9.500000000000000,8.150000000000000,3,3.000000000000000
-1,1,75,1,75,WA,Seattle,5363000,53033005600.000000000000000,5363000-53033005600,6382,7.400000000000000,7.800000000000000,"(47.64074874310, -122.407142505)",47.640748739999999,-122.407142500000006,9.500000000000000,8.150000000000000,0.000000000000000,0.000000000000000,0.000000000000000,WA,Seattle,5363000,53033005600.000000000000000,5363000-53033005600,6382,7.400000000000000,7.800000000000000,"(47.64074874310, -122.407142505)",47.640748739999999,-122.407142500000006,9.500000000000000,8.150000000000000,3,3.000000000000000
-1,1,76,1,76,WA,Seattle,5363000,53033007401.000000000000000,5363000-53033007401,4115,9.100000000000000,5.800000000000000,"(47.62292436670, -122.324658436)",47.622924370000000,-122.324658400000004,9.500000000000000,8.150000000000000,0.000000000000000,0.000000000000000,0.000000000000000,WA,Seattle,5363000,53033007401.000000000000000,5363000-53033007401,4115,9.100000000000000,5.800000000000000,"(47.62292436670, -122.324658436)",47.622924370000000,-122.324658400000004,9.500000000000000,8.150000000000000,3,3.000000000000000
-1,1,77,1,77,WA,Seattle,5363000,53033006200.000000000000000,5363000-53033006200,3848,7.500000000000000,7.000000000000000,"(47.63935779410, -122.300718610)",47.639357789999998,-122.300718599999996,9.500000000000000,8.150000000000000,0.000000000000000,0.000000000000000,0.000000000000000,WA,Seattle,5363000,53033006200.000000000000000,5363000-53033006200,3848,7.500000000000000,7.000000000000000,"(47.63935779410, -122.300718610)",47.639357789999998,-122.300718599999996,9.500000000000000,8.150000000000000,3,3.000000000000000
-1,1,78,1,78,WA,Seattle,5363000,53033000900.000000000000000,5363000-53033000900,2019,7.800000000000000,8.300000000000001,"(47.70749035060, -122.270496698)",47.707490350000000,-122.270496699999995,9.500000000000000,8.150000000000000,0.000000000000000,1.000000000000000,1.000000000000000,WA,Seattle,5363000,53033000900.000000000000000,5363000-53033000900,2019,7.800000000000000,8.300000000000001,"(47.70749035060, -122.270496698)",47.707490350000000,-122.270496699999995,9.500000000000000,8.150000000000000,1,2.000000000000000
-1,1,79,1,79,WA,Seattle,5363000,53033005000.000000000000000,5363000-53033005000,3600,9.000000000000000,6.400000000000000,"(47.66086963810, -122.341807603)",47.660869640000001,-122.341807599999996,9.500000000000000,8.150000000000000,0.000000000000000,0.000000000000000,0.000000000000000,WA,Seattle,5363000,53033005000.000000000000000,5363000-53033005000,3600,9.000000000000000,6.400000000000000,"(47.66086963810, -122.341807603)",47.660869640000001,-122.341807599999996,9.500000000000000,8.150000000000000,2,2.000000000000000
-1,1,80,1,80,WA,Seattle,5363000,53033003100.000000000000000,5363000-53033003100,6219,9.000000000000000,8.300000000000001,"(47.68695035090, -122.396410425)",47.686950349999996,-122.396410399999994,9.500000000000000,8.150000000000000,0.000000000000000,1.000000000000000,1.000000000000000,WA,Seattle,5363000,53033003100.000000000000000,5363000-53033003100,6219,9.000000000000000,8.300000000000001,"(47.68695035090, -122.396410425)",47.686950349999996,-122.396410399999994,9.500000000000000,8.150000000000000,3,4.000000000000000
-1,1,81,1,81,WA,Seattle,5363000,53033012100.000000000000000,5363000-53033012100,2681,8.300000000000001,9.000000000000000,"(47.50678290010, -122.386999879)",47.506782899999997,-122.386999900000006,9.500000000000000,8.150000000000000,0.000000000000000,1.000000000000000,1.000000000000000,WA,Seattle,5363000,53033012100.000000000000000,5363000-53033012100,2681,8.300000000000001,9.000000000000000,"(47.50678290010, -122.386999879)",47.506782899999997,-122.386999900000006,9.500000000000000,8.150000000000000,1,2.000000000000000
-1,1,82,1,82,WA,Seattle,5363000,53033002500.000000000000000,5363000-53033002500,2802,8.900000000000000,7.900000000000000,"(47.68389716410, -122.302279208)",47.683897160000001,-122.302279200000001,9.500000000000000,8.150000000000000,0.000000000000000,0.000000000000000,0.000000000000000,WA,Seattle,5363000,53033002500.000000000000000,5363000-53033002500,2802,8.900000000000000,7.900000000000000,"(47.68389716410, -122.302279208)",47.683897160000001,-122.302279200000001,9.500000000000000,8.150000000000000,2,2.000000000000000
-1,1,83,1,83,WA,Seattle,5363000,53033004900.000000000000000,5363000-53033004900,6139,8.600000000000000,5.700000000000000,"(47.65683202120, -122.351155006)",47.656832020000003,-122.351155000000006,9.500000000000000,8.150000000000000,0.000000000000000,0.000000000000000,0.000000000000000,WA,Seattle,5363000,53033004900.000000000000000,5363000-53033004900,6139,8.600000000000000,5.700000000000000,"(47.65683202120, -122.351155006)",47.656832020000003,-122.351155000000006,9.500000000000000,8.150000000000000,2,2.000000000000000
-1,1,84,1,84,WA,Seattle,5363000,53033006600.000000000000000,5363000-53033006600,3540,8.500000000000000,6.200000000000000,"(47.63290875230, -122.330005201)",47.632908749999999,-122.330005200000002,9.500000000000000,8.150000000000000,0.000000000000000,0.000000000000000,0.000000000000000,WA,Seattle,5363000,53033006600.000000000000000,5363000-53033006600,3540,8.500000000000000,6.200000000000000,"(47.63290875230, -122.330005201)",47.632908749999999,-122.330005200000002,9.500000000000000,8.150000000000000,2,2.000000000000000
-1,1,85,1,85,WA,Seattle,5363000,53033007100.000000000000000,5363000-53033007100,3055,8.900000000000000,6.200000000000000,"(47.62244424980, -122.357402012)",47.622444250000001,-122.357401999999993,9.500000000000000,8.150000000000000,0.000000000000000,0.000000000000000,0.000000000000000,WA,Seattle,5363000,53033007100.000000000000000,5363000-53033007100,3055,8.900000000000000,6.200000000000000,"(47.62244424980, -122.357402012)",47.622444250000001,-122.357401999999993,9.500000000000000,8.150000000000000,3,3.000000000000000
-1,1,86,1,86,WA,Seattle,5363000,53033008400.000000000000000,5363000-53033008400,3760,9.199999999999999,6.700000000000000,"(47.61346758060, -122.323941963)",47.613467579999998,-122.323942000000002,9.500000000000000,8.150000000000000,0.000000000000000,0.000000000000000,0.000000000000000,WA,Seattle,5363000,53033008400.000000000000000,5363000-53033008400,3760,9.199999999999999,6.700000000000000,"(47.61346758060, -122.323941963)",47.613467579999998,-122.323942000000002,9.500000000000000,8.150000000000000,3,3.000000000000000
-1,1,87,1,87,WA,Seattle,5363000,53033000402.000000000000000,5363000-53033000402,4841,8.900000000000000,10.000000000000000,"(47.71685875600, -122.352366711)",47.716858760000001,-122.352366700000005,9.500000000000000,8.150000000000000,0.000000000000000,1.000000000000000,1.000000000000000,WA,Seattle,5363000,53033000402.000000000000000,5363000-53033000402,4841,8.900000000000000,10.000000000000000,"(47.71685875600, -122.352366711)",47.716858760000001,-122.352366700000005,9.500000000000000,8.150000000000000,1,2.000000000000000
-1,1,88,1,88,WA,Seattle,5363000,53033002100.000000000000000,5363000-53033002100,3807,9.000000000000000,8.000000000000000,"(47.69536736090, -122.298045221)",47.695367359999999,-122.298045200000004,9.500000000000000,8.150000000000000,0.000000000000000,0.000000000000000,0.000000000000000,WA,Seattle,5363000,53033002100.000000000000000,5363000-53033002100,3807,9.000000000000000,8.000000000000000,"(47.69536736090, -122.298045221)",47.695367359999999,-122.298045200000004,9.500000000000000,8.150000000000000,1,1.000000000000000
-1,1,89,1,89,WA,Seattle,5363000,53033003600.000000000000000,5363000-53033003600,5672,8.900000000000000,6.600000000000000,"(47.67719129800, -122.324205280)",47.677191299999997,-122.324205300000003,9.500000000000000,8.150000000000000,0.000000000000000,0.000000000000000,0.000000000000000,WA,Seattle,5363000,53033003600.000000000000000,5363000-53033003600,5672,8.900000000000000,6.600000000000000,"(47.67719129800, -122.324205280)",47.677191299999997,-122.324205300000003,9.500000000000000,8.150000000000000,3,3.000000000000000
-1,1,90,1,90,WA,Seattle,5363000,53033003800.000000000000000,5363000-53033003800,2058,8.900000000000000,8.199999999999999,"(47.67940934190, -122.295529158)",47.679409339999999,-122.295529200000004,9.500000000000000,8.150000000000000,0.000000000000000,1.000000000000000,1.000000000000000,WA,Seattle,5363000,53033003800.000000000000000,5363000-53033003800,2058,8.900000000000000,8.199999999999999,"(47.67940934190, -122.295529158)",47.679409339999999,-122.295529200000004,9.500000000000000,8.150000000000000,2,3.000000000000000
-1,1,91,1,91,WA,Seattle,5363000,53033008001.000000000000000,5363000-53033008001,5588,8.900000000000000,6.900000000000000,"(47.61492656620, -122.355141228)",47.614926570000002,-122.355141200000006,9.500000000000000,8.150000000000000,0.000000000000000,0.000000000000000,0.000000000000000,WA,Seattle,5363000,53033008001.000000000000000,5363000-53033008001,5588,8.900000000000000,6.900000000000000,"(47.61492656620, -122.355141228)",47.614926570000002,-122.355141200000006,9.500000000000000,8.150000000000000,3,3.000000000000000
-1,1,92,1,92,WA,Seattle,5363000,53033000800.000000000000000,5363000-53033000800,2583,8.800000000000001,8.500000000000000,"(47.71124943730, -122.286082225)",47.711249440000003,-122.286082199999996,9.500000000000000,8.150000000000000,0.000000000000000,1.000000000000000,1.000000000000000,WA,Seattle,5363000,53033000800.000000000000000,5363000-53033000800,2583,8.800000000000001,8.500000000000000,"(47.71124943730, -122.286082225)",47.711249440000003,-122.286082199999996,9.500000000000000,8.150000000000000,1,2.000000000000000
-1,1,93,1,93,WA,Seattle,5363000,53033006300.000000000000000,5363000-53033006300,4962,7.100000000000000,7.500000000000000,"(47.63620459600, -122.275885393)",47.636204599999999,-122.275885400000007,9.500000000000000,8.150000000000000,0.000000000000000,0.000000000000000,0.000000000000000,WA,Seattle,5363000,53033006300.000000000000000,5363000-53033006300,4962,7.100000000000000,7.500000000000000,"(47.63620459600, -122.275885393)",47.636204599999999,-122.275885400000007,9.500000000000000,8.150000000000000,3,3.000000000000000
-1,1,94,1,94,WA,Seattle,5363000,53033006900.000000000000000,5363000-53033006900,4080,8.800000000000001,7.400000000000000,"(47.63436302220, -122.366971480)",47.634363020000002,-122.366971500000005,9.500000000000000,8.150000000000000,0.000000000000000,0.000000000000000,0.000000000000000,WA,Seattle,5363000,53033006900.000000000000000,5363000-53033006900,4080,8.800000000000001,7.400000000000000,"(47.63436302220, -122.366971480)",47.634363020000002,-122.366971500000005,9.500000000000000,8.150000000000000,2,2.000000000000000
-1,1,95,1,95,WA,Seattle,5363000,53033009800.000000000000000,5363000-53033009800,6198,9.500000000000000,8.500000000000000,"(47.57195509530, -122.383094045)",47.571955099999997,-122.383094000000000,9.500000000000000,8.150000000000000,0.000000000000000,1.000000000000000,1.000000000000000,WA,Seattle,5363000,53033009800.000000000000000,5363000-53033009800,6198,9.500000000000000,8.500000000000000,"(47.57195509530, -122.383094045)",47.571955099999997,-122.383094000000000,9.500000000000000,8.150000000000000,2,3.000000000000000
-1,1,96,1,96,WA,Seattle,5363000,53033006100.000000000000000,5363000-53033006100,4796,8.300000000000001,6.300000000000000,"(47.64481031240, -122.322183742)",47.644810309999997,-122.322183699999997,9.500000000000000,8.150000000000000,0.000000000000000,0.000000000000000,0.000000000000000,WA,Seattle,5363000,53033006100.000000000000000,5363000-53033006100,4796,8.300000000000001,6.300000000000000,"(47.64481031240, -122.322183742)",47.644810309999997,-122.322183699999997,9.500000000000000,8.150000000000000,3,3.000000000000000
-1,1,97,1,97,WA,Seattle,5363000,53033006800.000000000000000,5363000-53033006800,2834,8.100000000000000,6.700000000000000,"(47.63603067860, -122.356465296)",47.636030679999998,-122.356465299999996,9.500000000000000,8.150000000000000,0.000000000000000,0.000000000000000,0.000000000000000,WA,Seattle,5363000,53033006800.000000000000000,5363000-53033006800,2834,8.100000000000000,6.700000000000000,"(47.63603067860, -122.356465296)",47.636030679999998,-122.356465299999996,9.500000000000000,8.150000000000000,2,2.000000000000000
-1,1,98,1,98,WA,Seattle,5363000,53033003200.000000000000000,5363000-53033003200,7683,8.699999999999999,7.700000000000000,"(47.67500279090, -122.401229042)",47.675002790000001,-122.401229000000001,9.500000000000000,8.150000000000000,0.000000000000000,0.000000000000000,0.000000000000000,WA,Seattle,5363000,53033003200.000000000000000,5363000-53033003200,7683,8.699999999999999,7.700000000000000,"(47.67500279090, -122.401229042)",47.675002790000001,-122.401229000000001,9.500000000000000,8.150000000000000,3,3.000000000000000
-1,1,99,1,99,WA,Seattle,5363000,53033010402.000000000000000,5363000-53033010402,4669,9.500000000000000,9.100000000000000,"(47.55378777110, -122.310225765)",47.553787770000000,-122.310225799999998,9.500000000000000,8.150000000000000,0.000000000000000,1.000000000000000,1.000000000000000,WA,Seattle,5363000,53033010402.000000000000000,5363000-53033010402,4669,9.500000000000000,9.100000000000000,"(47.55378777110, -122.310225765)",47.553787770000000,-122.310225799999998,9.500000000000000,8.150000000000000,1,2.000000000000000
-1,1,100,1,100,WA,Seattle,5363000,53033002400.000000000000000,5363000-53033002400,2972,8.500000000000000,7.700000000000000,"(47.68668122800, -122.287825765)",47.686681229999998,-122.287825799999993,9.500000000000000,8.150000000000000,0.000000000000000,0.000000000000000,0.000000000000000,WA,Seattle,5363000,53033002400.000000000000000,5363000-53033002400,2972,8.500000000000000,7.700000000000000,"(47.68668122800, -122.287825765)",47.686681229999998,-122.287825799999993,9.500000000000000,8.150000000000000,2,2.000000000000000
-1,1,101,1,101,WA,Seattle,5363000,53033004800.000000000000000,5363000-53033004800,4539,8.400000000000000,6.500000000000000,"(47.66043019440, -122.360632478)",47.660430190000000,-122.360632499999994,9.500000000000000,8.150000000000000,0.000000000000000,0.000000000000000,0.000000000000000,WA,Seattle,5363000,53033004800.000000000000000,5363000-53033004800,4539,8.400000000000000,6.500000000000000,"(47.66043019440, -122.360632478)",47.660430190000000,-122.360632499999994,9.500000000000000,8.150000000000000,3,3.000000000000000
-1,1,102,1,102,WA,Seattle,5363000,53033006500.000000000000000,5363000-53033006500,4157,8.100000000000000,6.200000000000000,"(47.63096364460, -122.317757814)",47.630963639999997,-122.317757799999995,9.500000000000000,8.150000000000000,0.000000000000000,0.000000000000000,0.000000000000000,WA,Seattle,5363000,53033006500.000000000000000,5363000-53033006500,4157,8.100000000000000,6.200000000000000,"(47.63096364460, -122.317757814)",47.630963639999997,-122.317757799999995,9.500000000000000,8.150000000000000,3,3.000000000000000
-1,1,103,1,103,WA,Seattle,5363000,53033008300.000000000000000,5363000-53033008300,2505,9.199999999999999,8.400000000000000,"(47.61181784900, -122.328004252)",47.611817850000001,-122.328004300000003,9.500000000000000,8.150000000000000,0.000000000000000,1.000000000000000,1.000000000000000,WA,Seattle,5363000,53033008300.000000000000000,5363000-53033008300,2505,9.199999999999999,8.400000000000000,"(47.61181784900, -122.328004252)",47.611817850000001,-122.328004300000003,9.500000000000000,8.150000000000000,3,4.000000000000000
-1,1,104,1,104,WA,Seattle,5363000,53033005802.000000000000000,5363000-53033005802,5059,8.900000000000000,7.200000000000000,"(47.63400723280, -122.379560976)",47.634007230000002,-122.379560999999995,9.500000000000000,8.150000000000000,0.000000000000000,0.000000000000000,0.000000000000000,WA,Seattle,5363000,53033005802.000000000000000,5363000-53033005802,5059,8.900000000000000,7.200000000000000,"(47.63400723280, -122.379560976)",47.634007230000002,-122.379560999999995,9.500000000000000,8.150000000000000,3,3.000000000000000
-1,1,105,1,105,WA,Seattle,5363000,53033004000.000000000000000,5363000-53033004000,2690,9.100000000000000,9.000000000000000,"(47.67975367130, -122.247393629)",47.679753669999997,-122.247393599999995,9.500000000000000,8.150000000000000,0.000000000000000,1.000000000000000,1.000000000000000,WA,Seattle,5363000,53033004000.000000000000000,5363000-53033004000,2690,9.100000000000000,9.000000000000000,"(47.67975367130, -122.247393629)",47.679753669999997,-122.247393599999995,9.500000000000000,8.150000000000000,3,4.000000000000000
-1,1,106,1,106,WA,Seattle,5363000,53033007200.000000000000000,5363000-53033007200,5318,9.000000000000000,5.800000000000000,"(47.61945409100, -122.343117658)",47.619454089999998,-122.343117699999993,9.500000000000000,8.150000000000000,0.000000000000000,0.000000000000000,0.000000000000000,WA,Seattle,5363000,53033007200.000000000000000,5363000-53033007200,5318,9.000000000000000,5.800000000000000,"(47.61945409100, -122.343117658)",47.619454089999998,-122.343117699999993,9.500000000000000,8.150000000000000,3,3.000000000000000
-1,1,107,1,107,WA,Seattle,5363000,53033009600.000000000000000,5363000-53033009600,5252,8.699999999999999,9.199999999999999,"(47.58937787930, -122.387919141)",47.589377880000001,-122.387919100000005,9.500000000000000,8.150000000000000,0.000000000000000,1.000000000000000,1.000000000000000,WA,Seattle,5363000,53033009600.000000000000000,5363000-53033009600,5252,8.699999999999999,9.199999999999999,"(47.58937787930, -122.387919141)",47.589377880000001,-122.387919100000005,9.500000000000000,8.150000000000000,3,4.000000000000000
-1,1,108,1,108,WA,Seattle,5363000,53033001500.000000000000000,5363000-53033001500,2454,8.100000000000000,8.100000000000000,"(47.69698245800, -122.396024745)",47.696982460000001,-122.396024699999998,9.500000000000000,8.150000000000000,0.000000000000000,0.000000000000000,0.000000000000000,WA,Seattle,5363000,53033001500.000000000000000,5363000-53033001500,2454,8.100000000000000,8.100000000000000,"(47.69698245800, -122.396024745)",47.696982460000001,-122.396024699999998,9.500000000000000,8.150000000000000,3,3.000000000000000
-1,1,109,1,109,WA,Seattle,5363000,53033002000.000000000000000,5363000-53033002000,3406,9.400000000000000,8.000000000000000,"(47.69547215190, -122.311871345)",47.695472150000001,-122.311871300000007,9.500000000000000,8.150000000000000,0.000000000000000,0.000000000000000,0.000000000000000,WA,Seattle,5363000,53033002000.000000000000000,5363000-53033002000,3406,9.400000000000000,8.000000000000000,"(47.69547215190, -122.311871345)",47.695472150000001,-122.311871300000007,9.500000000000000,8.150000000000000,2,2.000000000000000
-1,1,110,1,110,WA,Seattle,5363000,53033011600.000000000000000,5363000-53033011600,6413,8.600000000000000,8.900000000000000,"(47.52905660490, -122.390786623)",47.529056599999997,-122.390786599999998,9.500000000000000,8.150000000000000,0.000000000000000,1.000000000000000,1.000000000000000,WA,Seattle,5363000,53033011600.000000000000000,5363000-53033011600,6413,8.600000000000000,8.900000000000000,"(47.52905660490, -122.390786623)",47.529056599999997,-122.390786599999998,9.500000000000000,8.150000000000000,3,4.000000000000000
-1,1,111,1,111,WA,Seattle,5363000,53033007600.000000000000000,5363000-53033007600,3498,8.900000000000000,6.500000000000000,"(47.62186780850, -122.307585803)",47.621867809999998,-122.307585799999998,9.500000000000000,8.150000000000000,0.000000000000000,0.000000000000000,0.000000000000000,WA,Seattle,5363000,53033007600.000000000000000,5363000-53033007600,3498,8.900000000000000,6.500000000000000,"(47.62186780850, -122.307585803)",47.621867809999998,-122.307585799999998,9.500000000000000,8.150000000000000,2,2.000000000000000
-1,1,112,1,112,WA,Seattle,5363000,53033003900.000000000000000,5363000-53033003900,2772,7.900000000000000,7.800000000000000,"(47.67941166830, -122.282341434)",47.679411670000000,-122.282341400000007,9.500000000000000,8.150000000000000,0.000000000000000,0.000000000000000,0.000000000000000,WA,Seattle,5363000,53033003900.000000000000000,5363000-53033003900,2772,7.900000000000000,7.800000000000000,"(47.67941166830, -122.282341434)",47.679411670000000,-122.282341400000007,9.500000000000000,8.150000000000000,1,1.000000000000000
-1,1,113,1,113,WA,Seattle,5363000,53033001100.000000000000000,5363000-53033001100,2503,9.300000000000001,8.500000000000000,"(47.70654720250, -122.306807229)",47.706547200000003,-122.306807199999994,9.500000000000000,8.150000000000000,0.000000000000000,1.000000000000000,1.000000000000000,WA,Seattle,5363000,53033001100.000000000000000,5363000-53033001100,2503,9.300000000000001,8.500000000000000,"(47.70654720250, -122.306807229)",47.706547200000003,-122.306807199999994,9.500000000000000,8.150000000000000,2,3.000000000000000
-1,1,114,1,114,WA,Seattle,5363000,53033005700.000000000000000,5363000-53033005700,6001,8.300000000000001,8.000000000000000,"(47.66029223780, -122.413941948)",47.660292239999997,-122.413941899999998,9.500000000000000,8.150000000000000,0.000000000000000,0.000000000000000,0.000000000000000,WA,Seattle,5363000,53033005700.000000000000000,5363000-53033005700,6001,8.300000000000001,8.000000000000000,"(47.66029223780, -122.413941948)",47.660292239999997,-122.413941899999998,9.500000000000000,8.150000000000000,3,3.000000000000000
-1,1,115,1,115,WA,Seattle,5363000,53033004700.000000000000000,5363000-53033004700,6739,9.100000000000000,6.800000000000000,"(47.66576387520, -122.375944172)",47.665763880000000,-122.375944200000006,9.500000000000000,8.150000000000000,0.000000000000000,0.000000000000000,0.000000000000000,WA,Seattle,5363000,53033004700.000000000000000,5363000-53033004700,6739,9.100000000000000,6.800000000000000,"(47.66576387520, -122.375944172)",47.665763880000000,-122.375944200000006,9.500000000000000,8.150000000000000,2,2.000000000000000
-1,1,116,1,116,WA,Seattle,5363000,53033004600.000000000000000,5363000-53033004600,3251,8.400000000000000,6.800000000000000,"(47.67402406920, -122.337763430)",47.674024070000002,-122.337763400000000,9.500000000000000,8.150000000000000,0.000000000000000,0.000000000000000,0.000000000000000,WA,Seattle,5363000,53033004600.000000000000000,5363000-53033004600,3251,8.400000000000000,6.800000000000000,"(47.67402406920, -122.337763430)",47.674024070000002,-122.337763400000000,9.500000000000000,8.150000000000000,3,3.000000000000000
-1,1,117,1,117,WA,Seattle,5363000,53033009900.000000000000000,5363000-53033009900,4787,9.500000000000000,7.500000000000000,"(47.57488815240, -122.360871687)",47.574888150000000,-122.360871700000004,9.500000000000000,8.150000000000000,0.000000000000000,0.000000000000000,0.000000000000000,WA,Seattle,5363000,53033009900.000000000000000,5363000-53033009900,4787,9.500000000000000,7.500000000000000,"(47.57488815240, -122.360871687)",47.574888150000000,-122.360871700000004,9.500000000000000,8.150000000000000,1,1.000000000000000
-1,1,118,1,118,WA,Seattle,5363000,53033006000.000000000000000,5363000-53033006000,5150,8.500000000000000,6.800000000000000,"(47.64405591030, -122.352152194)",47.644055909999999,-122.352152200000006,9.500000000000000,8.150000000000000,0.000000000000000,0.000000000000000,0.000000000000000,WA,Seattle,5363000,53033006000.000000000000000,5363000-53033006000,5150,8.500000000000000,6.800000000000000,"(47.64405591030, -122.352152194)",47.644055909999999,-122.352152200000006,9.500000000000000,8.150000000000000,3,3.000000000000000
-1,1,119,1,119,WA,Seattle,5363000,53033003300.000000000000000,5363000-53033003300,6224,8.900000000000000,6.600000000000000,"(47.67597135680, -122.376812505)",47.675971359999998,-122.376812500000000,9.500000000000000,8.150000000000000,0.000000000000000,0.000000000000000,0.000000000000000,WA,Seattle,5363000,53033003300.000000000000000,5363000-53033003300,6224,8.900000000000000,6.600000000000000,"(47.67597135680, -122.376812505)",47.675971359999998,-122.376812500000000,9.500000000000000,8.150000000000000,3,3.000000000000000
-1,1,120,1,120,WA,Seattle,5363000,53033001600.000000000000000,5363000-53033001600,4131,8.300000000000001,8.500000000000000,"(47.70065915510, -122.382499903)",47.700659160000001,-122.382499899999999,9.500000000000000,8.150000000000000,0.000000000000000,1.000000000000000,1.000000000000000,WA,Seattle,5363000,53033001600.000000000000000,5363000-53033001600,4131,8.300000000000001,8.500000000000000,"(47.70065915510, -122.382499903)",47.700659160000001,-122.382499899999999,9.500000000000000,8.150000000000000,2,3.000000000000000
-1,1,121,1,121,WA,Seattle,5363000,53033010500.000000000000000,5363000-53033010500,6342,9.300000000000001,8.900000000000000,"(47.55744063970, -122.385549419)",47.557440640000003,-122.385549400000002,9.500000000000000,8.150000000000000,0.000000000000000,1.000000000000000,1.000000000000000,WA,Seattle,5363000,53033010500.000000000000000,5363000-53033010500,6342,9.300000000000001,8.900000000000000,"(47.55744063970, -122.385549419)",47.557440640000003,-122.385549400000002,9.500000000000000,8.150000000000000,2,3.000000000000000
-1,1,122,1,122,WA,Seattle,5363000,53033006400.000000000000000,5363000-53033006400,3207,7.700000000000000,6.900000000000000,"(47.62853983480, -122.304825856)",47.628539830000001,-122.304825899999997,9.500000000000000,8.150000000000000,0.000000000000000,0.000000000000000,0.000000000000000,WA,Seattle,5363000,53033006400.000000000000000,5363000-53033006400,3207,7.700000000000000,6.900000000000000,"(47.62853983480, -122.304825856)",47.628539830000001,-122.304825899999997,9.500000000000000,8.150000000000000,2,2.000000000000000
-1,1,123,1,123,WA,Seattle,5363000,53033008200.000000000000000,5363000-53033008200,3280,8.699999999999999,7.900000000000000,"(47.61037287230, -122.331941139)",47.610372869999999,-122.331941099999995,9.500000000000000,8.150000000000000,0.000000000000000,0.000000000000000,0.000000000000000,WA,Seattle,5363000,53033008200.000000000000000,5363000-53033008200,3280,8.699999999999999,7.900000000000000,"(47.61037287230, -122.331941139)",47.610372869999999,-122.331941099999995,9.500000000000000,8.150000000000000,3,3.000000000000000
-1,1,124,1,124,WA,Seattle,5363000,53033002900.000000000000000,5363000-53033002900,4177,8.600000000000000,7.100000000000000,"(47.68508731510, -122.360646644)",47.685087320000001,-122.360646599999995,9.500000000000000,8.150000000000000,0.000000000000000,0.000000000000000,0.000000000000000,WA,Seattle,5363000,53033002900.000000000000000,5363000-53033002900,4177,8.600000000000000,7.100000000000000,"(47.68508731510, -122.360646644)",47.685087320000001,-122.360646599999995,9.500000000000000,8.150000000000000,3,3.000000000000000
-1,1,125,1,125,WA,Seattle,5363000,53033004200.000000000000000,5363000-53033004200,7618,8.000000000000000,7.000000000000000,"(47.67020430010, -122.284101460)",47.670204300000002,-122.284101500000006,9.500000000000000,8.150000000000000,0.000000000000000,0.000000000000000,0.000000000000000,WA,Seattle,5363000,53033004200.000000000000000,5363000-53033004200,7618,8.000000000000000,7.000000000000000,"(47.67020430010, -122.284101460)",47.670204300000002,-122.284101500000006,9.500000000000000,8.150000000000000,3,3.000000000000000
-1,1,126,1,126,WA,Seattle,5363000,53033005100.000000000000000,5363000-53033005100,3662,8.500000000000000,6.900000000000000,"(47.65851851870, -122.332248054)",47.658518520000001,-122.332248100000001,9.500000000000000,8.150000000000000,0.000000000000000,0.000000000000000,0.000000000000000,WA,Seattle,5363000,53033005100.000000000000000,5363000-53033005100,3662,8.500000000000000,6.900000000000000,"(47.65851851870, -122.332248054)",47.658518520000001,-122.332248100000001,9.500000000000000,8.150000000000000,1,1.000000000000000
-1,1,127,1,127,WA,Seattle,5363000,53033007300.000000000000000,5363000-53033007300,4668,9.500000000000000,7.800000000000000,"(47.61998840650, -122.333516341)",47.619988409999998,-122.333516299999999,9.500000000000000,8.150000000000000,0.000000000000000,0.000000000000000,0.000000000000000,WA,Seattle,5363000,53033007300.000000000000000,5363000-53033007300,4668,9.500000000000000,7.800000000000000,"(47.61998840650, -122.333516341)",47.619988409999998,-122.333516299999999,9.500000000000000,8.150000000000000,2,2.000000000000000
-1,1,128,1,128,WA,Seattle,5363000,53033009701.000000000000000,5363000-53033009701,5290,8.500000000000000,8.100000000000000,"(47.57333677680, -122.410558261)",47.573336779999998,-122.410558300000005,9.500000000000000,8.150000000000000,0.000000000000000,0.000000000000000,0.000000000000000,WA,Seattle,5363000,53033009701.000000000000000,5363000-53033009701,5290,8.500000000000000,8.100000000000000,"(47.57333677680, -122.410558261)",47.573336779999998,-122.410558300000005,9.500000000000000,8.150000000000000,2,2.000000000000000
-1,1,129,1,129,WA,Seattle,5363000,53033009702.000000000000000,5363000-53033009702,5173,9.000000000000000,8.400000000000000,"(47.57192765940, -122.396010435)",47.571927660000000,-122.396010399999994,9.500000000000000,8.150000000000000,0.000000000000000,1.000000000000000,1.000000000000000,WA,Seattle,5363000,53033009702.000000000000000,5363000-53033009702,5173,9.000000000000000,8.400000000000000,"(47.57192765940, -122.396010435)",47.571927660000000,-122.396010399999994,9.500000000000000,8.150000000000000,3,4.000000000000000
-1,1,130,1,130,WA,Seattle,5363000,53033003000.000000000000000,5363000-53033003000,5637,9.000000000000000,7.600000000000000,"(47.68509587280, -122.374044416)",47.685095869999998,-122.374044400000002,9.500000000000000,8.150000000000000,0.000000000000000,0.000000000000000,0.000000000000000,WA,Seattle,5363000,53033003000.000000000000000,5363000-53033003000,5637,9.000000000000000,7.600000000000000,"(47.68509587280, -122.374044416)",47.685095869999998,-122.374044400000002,9.500000000000000,8.150000000000000,2,2.000000000000000
-1,1,131,1,131,WA,Seattle,5363000,53033007700.000000000000000,5363000-53033007700,4476,8.600000000000000,6.600000000000000,"(47.61912053960, -122.297351615)",47.619120539999997,-122.297351599999999,9.500000000000000,8.150000000000000,0.000000000000000,0.000000000000000,0.000000000000000,WA,Seattle,5363000,53033007700.000000000000000,5363000-53033007700,4476,8.600000000000000,6.600000000000000,"(47.61912053960, -122.297351615)",47.619120539999997,-122.297351599999999,9.500000000000000,8.150000000000000,3,3.000000000000000
-1,1,132,1,132,WA,Seattle,5363000,53033005400.000000000000000,5363000-53033005400,4948,8.300000000000001,5.600000000000000,"(47.64920104340, -122.338588065)",47.649201040000001,-122.338588099999996,9.500000000000000,8.150000000000000,0.000000000000000,0.000000000000000,0.000000000000000,WA,Seattle,5363000,53033005400.000000000000000,5363000-53033005400,4948,8.300000000000001,5.600000000000000,"(47.64920104340, -122.338588065)",47.649201040000001,-122.338588099999996,9.500000000000000,8.150000000000000,3,3.000000000000000
-1,1,133,1,133,WA,Seattle,5363000,53033002700.000000000000000,5363000-53033002700,5289,8.600000000000000,6.800000000000000,"(47.68686715840, -122.331125223)",47.686867159999998,-122.331125200000002,9.500000000000000,8.150000000000000,0.000000000000000,0.000000000000000,0.000000000000000,WA,Seattle,5363000,53033002700.000000000000000,5363000-53033002700,5289,8.600000000000000,6.800000000000000,"(47.68686715840, -122.331125223)",47.686867159999998,-122.331125200000002,9.500000000000000,8.150000000000000,2,2.000000000000000