OID,Join_Count,TARGET_FID,Join_Cou_1,TARGET_F_1,StateAbbr,PlaceName,PlaceFIPS,TractFIPS,plctract10,Population,MHLTH_Crud,PHLTH_Crud,Geolocatio,lat,long,MHLTH_Medi,PHLTH_Medi,MHLTH,PHLTH,Health,Distance,Dist_HLTH
-1,1,0,1,0,CO,Denver,820000,8031002403.000000000000000,0820000-08031002403,3338,11.900000000000000,10.000000000000000,"(39.75336940410, -104.980167430)",39.753369399999997,-104.980167399999999,10.900000000000000,9.699999999999999,1.500000000000000,1.000000000000000,2.500000000000000,3.000000000000000,5.500000000000000
-1,1,1,1,1,CO,Denver,820000,8031005001.000000000000000,0820000-08031005001,2586,11.000000000000000,11.300000000000001,"(39.70253290720, -104.917128235)",39.702532910000002,-104.917128199999993,10.900000000000000,9.699999999999999,1.500000000000000,1.000000000000000,2.500000000000000,2.000000000000000,4.500000000000000
-1,1,2,1,2,CO,Denver,820000,8031005002.000000000000000,0820000-08031005002,6612,12.000000000000000,11.699999999999999,"(39.69953384910, -104.907793748)",39.699533850000002,-104.907793699999999,10.900000000000000,9.699999999999999,1.500000000000000,1.000000000000000,2.500000000000000,3.000000000000000,5.500000000000000
-1,1,3,1,3,CO,Denver,820000,8031000902.000000000000000,0820000-08031000902,5376,13.900000000000000,14.600000000000000,"(39.71854107900, -105.046460462)",39.718541080000001,-105.046460499999995,10.900000000000000,9.699999999999999,1.500000000000000,1.000000000000000,2.500000000000000,3.000000000000000,5.500000000000000
-1,1,4,1,4,CO,Denver,820000,8031000903.000000000000000,0820000-08031000903,6111,16.000000000000000,16.000000000000000,"(39.71838878110, -105.032385325)",39.718388779999998,-105.032385300000001,10.900000000000000,9.699999999999999,1.500000000000000,1.000000000000000,2.500000000000000,3.000000000000000,5.500000000000000
-1,1,5,1,5,CO,Denver,820000,8031000904.000000000000000,0820000-08031000904,5127,16.500000000000000,17.100000000000001,"(39.73045992130, -105.046671813)",39.730459920000001,-105.046671799999999,10.900000000000000,9.699999999999999,1.500000000000000,1.000000000000000,2.500000000000000,3.000000000000000,5.500000000000000
-1,1,6,1,6,CO,Denver,820000,8031000905.000000000000000,0820000-08031000905,3631,13.199999999999999,13.100000000000000,"(39.73046392480, -105.032020031)",39.730463919999998,-105.032020000000003,10.900000000000000,9.699999999999999,1.500000000000000,1.000000000000000,2.500000000000000,2.000000000000000,4.500000000000000
-1,1,7,1,7,CO,Denver,820000,8031004404.000000000000000,0820000-08031004404,5978,15.199999999999999,13.100000000000000,"(39.73650932910, -104.894055782)",39.736509329999997,-104.894055800000004,10.900000000000000,9.699999999999999,1.500000000000000,1.000000000000000,2.500000000000000,3.000000000000000,5.500000000000000
-1,1,8,1,8,CO,Denver,820000,8031006814.000000000000000,0820000-08031006814,4703,11.199999999999999,10.800000000000001,"(39.65935529570, -104.877817449)",39.659355300000001,-104.877817399999998,10.900000000000000,9.699999999999999,1.500000000000000,1.000000000000000,2.500000000000000,3.000000000000000,5.500000000000000
-1,1,9,1,9,CO,Denver,820000,8031006813.000000000000000,0820000-08031006813,3871,11.900000000000000,10.900000000000000,"(39.66814543830, -104.871255746)",39.668145440000004,-104.871255700000006,10.900000000000000,9.699999999999999,1.500000000000000,1.000000000000000,2.500000000000000,3.000000000000000,5.500000000000000
-1,1,10,1,10,CO,Denver,820000,8031007037.000000000000000,0820000-08031007037,3763,15.300000000000001,14.400000000000000,"(39.70370207660, -104.870963159)",39.703702079999999,-104.870963200000006,10.900000000000000,9.699999999999999,1.500000000000000,1.000000000000000,2.500000000000000,3.000000000000000,5.500000000000000
-1,1,11,1,11,CO,Denver,820000,8031000502.000000000000000,0820000-08031000502,5424,11.000000000000000,10.800000000000001,"(39.75252658290, -105.032185512)",39.752526580000001,-105.032185499999997,10.900000000000000,9.699999999999999,1.500000000000000,1.000000000000000,2.500000000000000,2.000000000000000,4.500000000000000
-1,1,12,1,12,CO,Denver,820000,8031006901.000000000000000,0820000-08031006901,5808,11.900000000000000,12.100000000000000,"(39.67377568840, -104.914704488)",39.673775689999999,-104.914704499999999,10.900000000000000,9.699999999999999,1.500000000000000,1.000000000000000,2.500000000000000,3.000000000000000,5.500000000000000
-1,1,13,1,13,CO,Denver,820000,8031002701.000000000000000,0820000-08031002701,4600,11.000000000000000,7.200000000000000,"(39.73603518400, -104.983645416)",39.736035180000002,-104.983645400000000,10.900000000000000,9.699999999999999,1.500000000000000,0.000000000000000,1.500000000000000,2.000000000000000,3.500000000000000
-1,1,14,1,14,CO,Denver,820000,8031004601.000000000000000,0820000-08031004601,5415,13.400000000000000,14.100000000000000,"(39.68948083580, -105.046103432)",39.689480840000002,-105.046103400000007,10.900000000000000,9.699999999999999,1.500000000000000,1.000000000000000,2.500000000000000,1.000000000000000,3.500000000000000
-1,1,15,1,15,CO,Denver,820000,8031005104.000000000000000,0820000-08031005104,3111,12.100000000000000,12.100000000000000,"(39.68478005430, -104.935678650)",39.684780050000001,-104.935678699999997,10.900000000000000,9.699999999999999,1.500000000000000,1.000000000000000,2.500000000000000,1.000000000000000,3.500000000000000
-1,1,16,1,16,CO,Denver,820000,8031004603.000000000000000,0820000-08031004603,5327,13.500000000000000,13.300000000000001,"(39.67492849940, -105.031804942)",39.674928500000000,-105.031804899999997,10.900000000000000,9.699999999999999,1.500000000000000,1.000000000000000,2.500000000000000,2.000000000000000,4.500000000000000
-1,1,17,1,17,CO,Denver,820000,8031004602.000000000000000,0820000-08031004602,7037,14.300000000000001,14.300000000000001,"(39.68954512220, -105.032050235)",39.689545119999998,-105.032050200000000,10.900000000000000,9.699999999999999,1.500000000000000,1.000000000000000,2.500000000000000,2.000000000000000,4.500000000000000
-1,1,18,1,18,CO,Denver,820000,8031000800.000000000000000,0820000-08031000800,1448,23.899999999999999,21.600000000000001,"(39.73580855680, -105.021085011)",39.735808560000002,-105.021084999999999,10.900000000000000,9.699999999999999,1.500000000000000,1.000000000000000,2.500000000000000,3.000000000000000,5.500000000000000
-1,1,19,1,19,CO,Denver,820000,8031001600.000000000000000,0820000-08031001600,7685,11.500000000000000,8.100000000000000,"(39.76199066240, -104.985290141)",39.761990660000002,-104.985290100000000,10.900000000000000,9.699999999999999,1.500000000000000,0.000000000000000,1.500000000000000,2.000000000000000,3.500000000000000
-1,1,20,1,20,CO,Denver,820000,8031015500.000000000000000,0820000-08031015500,3313,12.199999999999999,9.199999999999999,"(39.69336406030, -104.935669878)",39.693364060000000,-104.935669899999994,10.900000000000000,9.699999999999999,1.500000000000000,0.000000000000000,1.500000000000000,1.000000000000000,2.500000000000000
-1,1,21,1,21,CO,Denver,820000,8031000701.000000000000000,0820000-08031000701,4166,13.500000000000000,14.500000000000000,"(39.73943099180, -105.046151580)",39.739430990000002,-105.046151600000002,10.900000000000000,9.699999999999999,1.500000000000000,1.000000000000000,2.500000000000000,2.000000000000000,4.500000000000000
-1,1,22,1,22,CO,Denver,820000,8031000702.000000000000000,0820000-08031000702,5574,15.600000000000000,14.600000000000000,"(39.74055432380, -105.032178955)",39.740554320000001,-105.032178999999999,10.900000000000000,9.699999999999999,1.500000000000000,1.000000000000000,2.500000000000000,3.000000000000000,5.500000000000000
-1,1,23,1,23,CO,Denver,820000,8031001302.000000000000000,0820000-08031001302,3926,13.600000000000000,13.400000000000000,"(39.70308508990, -105.003435406)",39.703085090000002,-105.003435400000001,10.900000000000000,9.699999999999999,1.500000000000000,1.000000000000000,2.500000000000000,3.000000000000000,5.500000000000000
-1,1,24,1,24,CO,Denver,820000,8031001301.000000000000000,0820000-08031001301,4972,13.199999999999999,13.199999999999999,"(39.70411318690, -105.018200471)",39.704113190000001,-105.018200500000006,10.900000000000000,9.699999999999999,1.500000000000000,1.000000000000000,2.500000000000000,3.000000000000000,5.500000000000000
-1,1,25,1,25,CO,Denver,820000,8031005502.000000000000000,0820000-08031005502,1856,11.699999999999999,10.000000000000000,"(39.64591624740, -105.042814105)",39.645916249999999,-105.042814100000001,10.900000000000000,9.699999999999999,1.500000000000000,1.000000000000000,2.500000000000000,2.000000000000000,4.500000000000000
-1,1,26,1,26,CO,Denver,820000,8031003003.000000000000000,0820000-08031003003,3138,11.199999999999999,5.500000000000000,"(39.68273254740, -104.967221789)",39.682732549999997,-104.967221800000004,10.900000000000000,9.699999999999999,1.500000000000000,0.000000000000000,1.500000000000000,2.000000000000000,3.500000000000000
-1,1,27,1,27,CO,Denver,820000,8031004102.000000000000000,0820000-08031004102,4173,14.600000000000000,15.500000000000000,"(39.77303074520, -104.912732349)",39.773030749999997,-104.912732300000002,10.900000000000000,9.699999999999999,1.500000000000000,1.000000000000000,2.500000000000000,3.000000000000000,5.500000000000000
-1,1,28,1,28,CO,Denver,820000,8031003004.000000000000000,0820000-08031003004,6237,11.199999999999999,7.100000000000000,"(39.67032780560, -104.966009857)",39.670327810000003,-104.966009900000003,10.900000000000000,9.699999999999999,1.500000000000000,0.000000000000000,1.500000000000000,3.000000000000000,4.500000000000000
-1,1,29,1,29,CO,Denver,820000,8031004101.000000000000000,0820000-08031004101,3648,14.300000000000001,14.300000000000001,"(39.77571190110, -104.931844899)",39.775711899999997,-104.931844900000002,10.900000000000000,9.699999999999999,1.500000000000000,1.000000000000000,2.500000000000000,1.000000000000000,3.500000000000000
-1,1,30,1,30,CO,Denver,820000,8031002300.000000000000000,0820000-08031002300,4831,11.699999999999999,9.800000000000001,"(39.75635829320, -104.966564175)",39.756358290000001,-104.966564199999993,10.900000000000000,9.699999999999999,1.500000000000000,1.000000000000000,2.500000000000000,3.000000000000000,5.500000000000000
-1,1,31,1,31,CO,Denver,820000,8031008312.000000000000000,0820000-08031008312,6825,15.300000000000001,14.699999999999999,"(39.77701555270, -104.830432107)",39.777015550000002,-104.830432099999996,10.900000000000000,9.699999999999999,1.500000000000000,1.000000000000000,2.500000000000000,3.000000000000000,5.500000000000000
-1,1,32,1,32,CO,Denver,820000,8031000401.000000000000000,0820000-08031000401,3209,11.100000000000000,10.199999999999999,"(39.77293599310, -105.018261231)",39.772935990000001,-105.018261199999998,10.900000000000000,9.699999999999999,1.500000000000000,1.000000000000000,2.500000000000000,2.000000000000000,4.500000000000000
-1,1,33,1,33,CO,Denver,820000,8031001401.000000000000000,0820000-08031001401,5750,14.900000000000000,16.600000000000001,"(39.69324700740, -105.009861738)",39.693247010000000,-105.009861700000002,10.900000000000000,9.699999999999999,1.500000000000000,1.000000000000000,2.500000000000000,2.000000000000000,4.500000000000000
-1,1,34,1,34,CO,Denver,820000,8031001402.000000000000000,0820000-08031001402,4070,15.800000000000001,17.100000000000001,"(39.68591927290, -105.012854440)",39.685919269999999,-105.012854399999995,10.900000000000000,9.699999999999999,1.500000000000000,1.000000000000000,2.500000000000000,2.000000000000000,4.500000000000000
-1,1,35,1,35,CO,Denver,820000,8031001403.000000000000000,0820000-08031001403,2218,12.000000000000000,9.900000000000000,"(39.68133791900, -104.993151725)",39.681337919999997,-104.993151699999999,10.900000000000000,9.699999999999999,1.500000000000000,1.000000000000000,2.500000000000000,2.000000000000000,4.500000000000000
-1,1,36,1,36,CO,Denver,820000,8031008391.000000000000000,0820000-08031008391,7020,12.500000000000000,10.500000000000000,"(39.77565940870, -104.744469879)",39.775659410000003,-104.744469899999999,10.900000000000000,9.699999999999999,1.500000000000000,1.000000000000000,2.500000000000000,3.000000000000000,5.500000000000000
-1,1,37,1,37,CO,Denver,820000,8031008390.000000000000000,0820000-08031008390,7703,13.500000000000000,11.600000000000000,"(39.77676603820, -104.762921459)",39.776766039999998,-104.762921500000004,10.900000000000000,9.699999999999999,1.500000000000000,1.000000000000000,2.500000000000000,3.000000000000000,5.500000000000000
-1,1,38,1,38,CO,Denver,820000,8031015600.000000000000000,0820000-08031015600,6498,16.899999999999999,17.300000000000001,"(39.67244789660, -105.013305106)",39.672447900000002,-105.013305099999997,10.900000000000000,9.699999999999999,1.500000000000000,1.000000000000000,2.500000000000000,2.000000000000000,4.500000000000000
-1,1,39,1,39,CO,Denver,820000,8031007006.000000000000000,0820000-08031007006,4464,13.199999999999999,9.199999999999999,"(39.65404462370, -104.863651598)",39.654044620000001,-104.863651599999997,10.900000000000000,9.699999999999999,1.500000000000000,0.000000000000000,1.500000000000000,1.000000000000000,2.500000000000000
-1,1,40,1,40,CO,Denver,820000,8031004503.000000000000000,0820000-08031004503,3974,14.400000000000000,14.400000000000000,"(39.70056230900, -105.045890112)",39.700562310000002,-105.045890099999994,10.900000000000000,9.699999999999999,1.500000000000000,1.000000000000000,2.500000000000000,3.000000000000000,5.500000000000000
-1,1,41,1,41,CO,Denver,820000,8031004506.000000000000000,0820000-08031004506,3450,16.500000000000000,17.100000000000001,"(39.70041264730, -105.032047331)",39.700412649999997,-105.032047300000002,10.900000000000000,9.699999999999999,1.500000000000000,1.000000000000000,2.500000000000000,3.000000000000000,5.500000000000000
-1,1,42,1,42,CO,Denver,820000,8031004504.000000000000000,0820000-08031004504,3705,15.100000000000000,15.100000000000000,"(39.70777498880, -105.046818218)",39.707774989999997,-105.046818200000004,10.900000000000000,9.699999999999999,1.500000000000000,1.000000000000000,2.500000000000000,3.000000000000000,5.500000000000000
-1,1,43,1,43,CO,Denver,820000,8031004505.000000000000000,0820000-08031004505,4357,16.500000000000000,16.500000000000000,"(39.70760117860, -105.032419418)",39.707601179999997,-105.032419399999995,10.900000000000000,9.699999999999999,1.500000000000000,1.000000000000000,2.500000000000000,2.000000000000000,4.500000000000000
-1,1,44,1,44,CO,Denver,820000,8031003500.000000000000000,0820000-08031003500,6401,15.199999999999999,15.600000000000000,"(39.78253043480, -104.957494294)",39.782530430000001,-104.957494299999993,10.900000000000000,9.699999999999999,1.500000000000000,1.000000000000000,2.500000000000000,3.000000000000000,5.500000000000000
-1,1,45,1,45,CO,Denver,820000,8031001800.000000000000000,0820000-08031001800,3209,13.400000000000000,10.199999999999999,"(39.73096391970, -104.995841803)",39.730963920000001,-104.995841799999994,10.900000000000000,9.699999999999999,1.500000000000000,1.000000000000000,2.500000000000000,3.000000000000000,5.500000000000000
-1,1,46,1,46,CO,Denver,820000,8031001702.000000000000000,0820000-08031001702,3648,11.199999999999999,7.100000000000000,"(39.74512105430, -104.993160171)",39.745121050000002,-104.993160200000005,10.900000000000000,9.699999999999999,1.500000000000000,0.000000000000000,1.500000000000000,3.000000000000000,4.500000000000000
-1,1,47,1,47,CO,Denver,820000,8031001000.000000000000000,0820000-08031001000,3941,16.199999999999999,16.600000000000001,"(39.71717169090, -105.015222851)",39.717171690000001,-105.015222899999998,10.900000000000000,9.699999999999999,1.500000000000000,1.000000000000000,2.500000000000000,3.000000000000000,5.500000000000000
-1,1,48,1,48,CO,Denver,820000,8031002100.000000000000000,0820000-08031002100,4879,11.600000000000000,9.800000000000001,"(39.71520594300, -104.996193659)",39.715205939999997,-104.996193700000006,10.900000000000000,9.699999999999999,1.500000000000000,1.000000000000000,2.500000000000000,3.000000000000000,5.500000000000000
-1,1,49,1,49,CO,Denver,820000,8031008386.000000000000000,0820000-08031008386,4511,15.199999999999999,14.400000000000000,"(39.79199649970, -104.814831880)",39.791996500000003,-104.814831900000001,10.900000000000000,9.699999999999999,1.500000000000000,1.000000000000000,2.500000000000000,3.000000000000000,5.500000000000000
-1,1,50,1,50,CO,Denver,820000,8031008387.000000000000000,0820000-08031008387,5961,15.600000000000000,14.800000000000001,"(39.78406998700, -104.820180343)",39.784069989999999,-104.820180300000004,10.900000000000000,9.699999999999999,1.500000000000000,1.000000000000000,2.500000000000000,2.000000000000000,4.500000000000000
-1,1,51,1,51,CO,Denver,820000,8031008388.000000000000000,0820000-08031008388,6962,13.000000000000000,10.100000000000000,"(39.78617474890, -104.791453399)",39.786174750000001,-104.791453399999995,10.900000000000000,9.699999999999999,1.500000000000000,1.000000000000000,2.500000000000000,1.000000000000000,3.500000000000000
-1,1,52,1,52,CO,Denver,820000,8031008389.000000000000000,0820000-08031008389,7516,11.500000000000000,9.100000000000000,"(39.79039280820, -104.752633391)",39.790392810000000,-104.752633399999993,10.900000000000000,9.699999999999999,1.500000000000000,0.000000000000000,1.500000000000000,1.000000000000000,2.500000000000000
-1,1,53,1,53,CO,Denver,820000,8031008304.000000000000000,0820000-08031008304,3637,14.699999999999999,14.500000000000000,"(39.79386529360, -104.841569744)",39.793865289999999,-104.841569699999994,10.900000000000000,9.699999999999999,1.500000000000000,1.000000000000000,2.500000000000000,3.000000000000000,5.500000000000000
-1,1,54,1,54,CO,Denver,820000,8031008305.000000000000000,0820000-08031008305,3963,16.300000000000001,15.600000000000000,"(39.79439281750, -104.828689298)",39.794392819999999,-104.828689299999994,10.900000000000000,9.699999999999999,1.500000000000000,1.000000000000000,2.500000000000000,3.000000000000000,5.500000000000000
-1,1,55,1,55,CO,Denver,820000,8031008306.000000000000000,0820000-08031008306,5451,15.900000000000000,16.800000000000001,"(39.78573539020, -104.838421312)",39.785735389999999,-104.838421299999993,10.900000000000000,9.699999999999999,1.500000000000000,1.000000000000000,2.500000000000000,3.000000000000000,5.500000000000000
-1,1,56,1,56,CO,Denver,820000,8031003102.000000000000000,0820000-08031003102,3389,13.100000000000000,11.300000000000001,"(39.74332404430, -104.966484411)",39.743324039999997,-104.966484399999999,10.900000000000000,9.699999999999999,1.500000000000000,1.000000000000000,2.500000000000000,3.000000000000000,5.500000000000000
-1,1,57,1,57,CO,Denver,820000,8031000201.000000000000000,0820000-08031000201,3874,11.500000000000000,11.800000000000001,"(39.78750634830, -105.011767151)",39.787506350000001,-105.011767199999994,10.900000000000000,9.699999999999999,1.500000000000000,1.000000000000000,2.500000000000000,3.000000000000000,5.500000000000000
-1,1,58,1,58,CO,Denver,820000,8031000202.000000000000000,0820000-08031000202,3916,12.199999999999999,11.900000000000000,"(39.78002202650, -105.012059564)",39.780022029999998,-105.012059600000001,10.900000000000000,9.699999999999999,1.500000000000000,1.000000000000000,2.500000000000000,3.000000000000000,5.500000000000000
-1,1,59,1,59,CO,Denver,820000,8031001500.000000000000000,0820000-08031001500,3687,15.900000000000000,14.699999999999999,"(39.78067292870, -104.986634683)",39.780672930000001,-104.986634699999996,10.900000000000000,9.699999999999999,1.500000000000000,1.000000000000000,2.500000000000000,3.000000000000000,5.500000000000000
-1,1,60,1,60,CO,Denver,820000,8031980000.000000000000000,0820000-08031980000,1165,12.900000000000000,8.900000000000000,"(39.85826256810, -104.688169343)",39.858262570000001,-104.688169299999998,10.900000000000000,9.699999999999999,1.500000000000000,0.000000000000000,1.500000000000000,0.000000000000000,1.500000000000000
-1,1,61,1,61,CO,Denver,820000,8031003601.000000000000000,0820000-08031003601,4651,13.800000000000001,12.900000000000000,"(39.76718395170, -104.966200644)",39.767183950000003,-104.966200599999993,10.900000000000000,9.699999999999999,1.500000000000000,1.000000000000000,2.500000000000000,3.000000000000000,5.500000000000000
-1,1,62,1,62,CO,Denver,820000,8031003602.000000000000000,0820000-08031003602,4337,14.000000000000000,13.699999999999999,"(39.76741494930, -104.950099660)",39.767414950000003,-104.950099699999996,10.900000000000000,9.699999999999999,1.500000000000000,1.000000000000000,2.500000000000000,3.000000000000000,5.500000000000000
-1,1,63,1,63,CO,Denver,820000,8031015700.000000000000000,0820000-08031015700,5535,13.100000000000000,13.300000000000001,"(39.66145869510, -105.034459291)",39.661458699999997,-105.034459299999995,10.900000000000000,9.699999999999999,1.500000000000000,1.000000000000000,2.500000000000000,3.000000000000000,5.500000000000000
-1,1,64,1,64,CO,Denver,820000,8031004403.000000000000000,0820000-08031004403,4213,12.699999999999999,11.000000000000000,"(39.74439250870, -104.894813190)",39.744392509999997,-104.894813200000002,10.900000000000000,9.699999999999999,1.500000000000000,1.000000000000000,2.500000000000000,3.000000000000000,5.500000000000000
-1,1,65,1,65,CO,Denver,820000,8031001101.000000000000000,0820000-08031001101,2601,13.400000000000000,13.100000000000000,"(39.77291920320, -105.004702823)",39.772919199999997,-105.004702800000004,10.900000000000000,9.699999999999999,1.500000000000000,1.000000000000000,2.500000000000000,3.000000000000000,5.500000000000000
-1,1,66,1,66,CO,Denver,820000,8031000600.000000000000000,0820000-08031000600,2552,12.800000000000001,10.000000000000000,"(39.75219204360, -105.019231458)",39.752192039999997,-105.019231500000004,10.900000000000000,9.699999999999999,1.500000000000000,1.000000000000000,2.500000000000000,3.000000000000000,5.500000000000000
-1,1,67,1,67,CO,Denver,820000,8031001901.000000000000000,0820000-08031001901,2910,17.000000000000000,16.000000000000000,"(39.73318128990, -105.008629351)",39.733181289999997,-105.008629400000004,10.900000000000000,9.699999999999999,1.500000000000000,1.000000000000000,2.500000000000000,3.000000000000000,5.500000000000000
-1,1,68,1,68,CO,Denver,820000,8031001902.000000000000000,0820000-08031001902,705,13.000000000000000,4.800000000000000,"(39.74580647960, -105.008303766)",39.745806479999999,-105.008303799999993,10.900000000000000,9.699999999999999,1.500000000000000,0.000000000000000,1.500000000000000,2.000000000000000,3.500000000000000
-1,1,69,1,69,CO,Denver,820000,8031015400.000000000000000,0820000-08031015400,3934,11.400000000000000,9.500000000000000,"(39.78753193090, -105.043962216)",39.787531930000000,-105.043962199999996,10.900000000000000,9.699999999999999,1.500000000000000,0.000000000000000,1.500000000000000,2.000000000000000,3.500000000000000
-1,1,70,1,70,CO,Denver,820000,8031004700.000000000000000,0820000-08031004700,6198,12.199999999999999,12.500000000000000,"(39.67562510290, -105.048182732)",39.675625099999998,-105.048182699999998,10.900000000000000,9.699999999999999,1.500000000000000,1.000000000000000,2.500000000000000,2.000000000000000,4.500000000000000
-1,1,71,1,71,CO,Denver,820000,8031012001.000000000000000,0820000-08031012001,2032,8.800000000000001,10.400000000000000,"(39.64396411450, -105.062607711)",39.643964109999999,-105.062607700000001,10.900000000000000,9.699999999999999,0.000000000000000,1.000000000000000,1.000000000000000,2.000000000000000,3.000000000000000
-1,1,72,1,72,CO,Denver,820000,8031002402.000000000000000,0820000-08031002402,1687,10.699999999999999,8.900000000000000,"(39.74989624570, -104.975458867)",39.749896249999999,-104.975458900000007,10.900000000000000,9.699999999999999,0.000000000000000,0.000000000000000,0.000000000000000,3.000000000000000,3.000000000000000
-1,1,73,1,73,CO,Denver,820000,8031000102.000000000000000,0820000-08031000102,3109,9.000000000000000,7.900000000000000,"(39.78026821480, -105.039531705)",39.780268210000003,-105.039531699999998,10.900000000000000,9.699999999999999,0.000000000000000,0.000000000000000,0.000000000000000,3.000000000000000,3.000000000000000
-1,1,74,1,74,CO,Denver,820000,8031006804.000000000000000,0820000-08031006804,2184,8.400000000000000,8.300000000000001,"(39.63059134870, -104.894935011)",39.630591350000003,-104.894935000000004,10.900000000000000,9.699999999999999,0.000000000000000,0.000000000000000,0.000000000000000,3.000000000000000,3.000000000000000
-1,1,75,1,75,CO,Denver,820000,8031003902.000000000000000,0820000-08031003902,3892,8.100000000000000,7.100000000000000,"(39.69046359300, -104.949816363)",39.690463590000000,-104.949816400000003,10.900000000000000,9.699999999999999,0.000000000000000,0.000000000000000,0.000000000000000,1.000000000000000,1.000000000000000
-1,1,76,1,76,CO,Denver,820000,8031006809.000000000000000,0820000-08031006809,6979,8.900000000000000,8.199999999999999,"(39.64446289740, -104.904681950)",39.644462900000001,-104.904681999999994,10.900000000000000,9.699999999999999,0.000000000000000,0.000000000000000,0.000000000000000,2.000000000000000,2.000000000000000
-1,1,77,1,77,CO,Denver,820000,8031011903.000000000000000,0820000-08031011903,2194,10.300000000000001,11.800000000000001,"(39.66504746860, -105.075058191)",39.665047469999998,-105.075058200000001,10.900000000000000,9.699999999999999,0.000000000000000,1.000000000000000,1.000000000000000,3.000000000000000,4.000000000000000
-1,1,78,1,78,CO,Denver,820000,8031003701.000000000000000,0820000-08031003701,2907,9.600000000000000,7.500000000000000,"(39.74562303470, -104.950170241)",39.745623029999997,-104.950170200000002,10.900000000000000,9.699999999999999,0.000000000000000,0.000000000000000,0.000000000000000,3.000000000000000,3.000000000000000
-1,1,79,1,79,CO,Denver,820000,8031003703.000000000000000,0820000-08031003703,2779,9.500000000000000,6.800000000000000,"(39.73611865220, -104.945075987)",39.736118650000002,-104.945076000000000,10.900000000000000,9.699999999999999,0.000000000000000,0.000000000000000,0.000000000000000,1.000000000000000,1.000000000000000
-1,1,80,1,80,CO,Denver,820000,8031003702.000000000000000,0820000-08031003702,4357,9.800000000000001,7.300000000000000,"(39.73652184500, -104.954364593)",39.736521850000003,-104.954364600000005,10.900000000000000,9.699999999999999,0.000000000000000,0.000000000000000,0.000000000000000,2.000000000000000,2.000000000000000
-1,1,81,1,81,CO,Denver,820000,8031006812.000000000000000,0820000-08031006812,3108,8.000000000000000,9.699999999999999,"(39.66016899670, -104.910906652)",39.660169000000003,-104.910906699999998,10.900000000000000,9.699999999999999,0.000000000000000,0.000000000000000,0.000000000000000,2.000000000000000,2.000000000000000
-1,1,82,1,82,CO,Denver,820000,8031006810.000000000000000,0820000-08031006810,5207,9.900000000000000,9.000000000000000,"(39.64632019160, -104.888865895)",39.646320189999997,-104.888865899999999,10.900000000000000,9.699999999999999,0.000000000000000,0.000000000000000,0.000000000000000,2.000000000000000,2.000000000000000
-1,1,83,1,83,CO,Denver,820000,8031006811.000000000000000,0820000-08031006811,5865,9.300000000000001,8.800000000000001,"(39.65978035970, -104.894766376)",39.659780359999999,-104.894766399999995,10.900000000000000,9.699999999999999,0.000000000000000,0.000000000000000,0.000000000000000,3.000000000000000,3.000000000000000
-1,1,84,1,84,CO,Denver,820000,8031003300.000000000000000,0820000-08031003300,3099,8.100000000000000,6.900000000000000,"(39.72910834030, -104.950827756)",39.729108340000003,-104.950827799999999,10.900000000000000,9.699999999999999,0.000000000000000,0.000000000000000,0.000000000000000,3.000000000000000,3.000000000000000
-1,1,85,1,85,CO,Denver,820000,8031004201.000000000000000,0820000-08031004201,4481,8.699999999999999,8.199999999999999,"(39.74559273700, -104.931456754)",39.745592739999999,-104.931456800000007,10.900000000000000,9.699999999999999,0.000000000000000,0.000000000000000,0.000000000000000,2.000000000000000,2.000000000000000
-1,1,86,1,86,CO,Denver,820000,8031004202.000000000000000,0820000-08031004202,4109,9.600000000000000,8.199999999999999,"(39.74559894640, -104.912877654)",39.745598950000002,-104.912877699999996,10.900000000000000,9.699999999999999,0.000000000000000,0.000000000000000,0.000000000000000,1.000000000000000,1.000000000000000
-1,1,87,1,87,CO,Denver,820000,8031000501.000000000000000,0820000-08031000501,1814,8.699999999999999,7.900000000000000,"(39.75092964020, -105.045805349)",39.750929640000003,-105.045805299999998,10.900000000000000,9.699999999999999,0.000000000000000,0.000000000000000,0.000000000000000,3.000000000000000,3.000000000000000
-1,1,88,1,88,CO,Denver,820000,8031004106.000000000000000,0820000-08031004106,10138,9.199999999999999,6.400000000000000,"(39.77727660790, -104.870674959)",39.777276610000001,-104.870675000000006,10.900000000000000,9.699999999999999,0.000000000000000,0.000000000000000,0.000000000000000,0.000000000000000,0.000000000000000
-1,1,89,1,89,CO,Denver,820000,8031002702.000000000000000,0820000-08031002702,5323,9.300000000000001,6.800000000000000,"(39.72965348310, -104.980174782)",39.729653480000003,-104.980174800000000,10.900000000000000,9.699999999999999,0.000000000000000,0.000000000000000,0.000000000000000,3.000000000000000,3.000000000000000
-1,1,90,1,90,CO,Denver,820000,8031002703.000000000000000,0820000-08031002703,4785,10.800000000000001,7.000000000000000,"(39.73602995600, -104.976438272)",39.736029960000003,-104.976438299999998,10.900000000000000,9.699999999999999,0.000000000000000,0.000000000000000,0.000000000000000,2.000000000000000,2.000000000000000
-1,1,91,1,91,CO,Denver,820000,8031004006.000000000000000,0820000-08031004006,4489,9.500000000000000,8.199999999999999,"(39.67295051400, -104.950039797)",39.672950510000000,-104.950039799999999,10.900000000000000,9.699999999999999,0.000000000000000,0.000000000000000,0.000000000000000,3.000000000000000,3.000000000000000
-1,1,92,1,92,CO,Denver,820000,8031003402.000000000000000,0820000-08031003402,4485,8.000000000000000,7.000000000000000,"(39.69699624650, -104.966056011)",39.696996249999998,-104.966055999999995,10.900000000000000,9.699999999999999,0.000000000000000,0.000000000000000,0.000000000000000,3.000000000000000,3.000000000000000
-1,1,93,1,93,CO,Denver,820000,8031004005.000000000000000,0820000-08031004005,3002,10.600000000000000,7.600000000000000,"(39.68143676280, -104.950424527)",39.681436759999997,-104.950424499999997,10.900000000000000,9.699999999999999,0.000000000000000,0.000000000000000,0.000000000000000,3.000000000000000,3.000000000000000
-1,1,94,1,94,CO,Denver,820000,8031003401.000000000000000,0820000-08031003401,2420,7.700000000000000,7.100000000000000,"(39.71181230270, -104.966841051)",39.711812299999998,-104.966841099999996,10.900000000000000,9.699999999999999,0.000000000000000,0.000000000000000,0.000000000000000,2.000000000000000,2.000000000000000
-1,1,95,1,95,CO,Denver,820000,8031011902.000000000000000,0820000-08031011902,6695,10.800000000000001,9.800000000000001,"(39.65945364430, -105.061625420)",39.659453640000002,-105.061625399999997,10.900000000000000,9.699999999999999,0.000000000000000,1.000000000000000,1.000000000000000,3.000000000000000,4.000000000000000
-1,1,96,1,96,CO,Denver,820000,8031003800.000000000000000,0820000-08031003800,5589,8.100000000000000,8.300000000000001,"(39.71938090390, -104.949333367)",39.719380899999997,-104.949333400000000,10.900000000000000,9.699999999999999,0.000000000000000,0.000000000000000,0.000000000000000,2.000000000000000,2.000000000000000
-1,1,97,1,97,CO,Denver,820000,8031005503.000000000000000,0820000-08031005503,4644,10.000000000000000,10.600000000000000,"(39.63329353550, -105.040621076)",39.633293539999997,-105.040621099999996,10.900000000000000,9.699999999999999,0.000000000000000,1.000000000000000,1.000000000000000,3.000000000000000,4.000000000000000
-1,1,98,1,98,CO,Denver,820000,8031006701.000000000000000,0820000-08031006701,2018,8.900000000000000,5.600000000000000,"(39.63013738030, -104.909404336)",39.630137380000001,-104.909404300000006,10.900000000000000,9.699999999999999,0.000000000000000,0.000000000000000,0.000000000000000,1.000000000000000,1.000000000000000
-1,1,99,1,99,CO,Denver,820000,8031003002.000000000000000,0820000-08031003002,2553,8.800000000000001,7.500000000000000,"(39.67313221930, -104.980542886)",39.673132219999999,-104.980542900000003,10.900000000000000,9.699999999999999,0.000000000000000,0.000000000000000,0.000000000000000,3.000000000000000,3.000000000000000
-1,1,100,1,100,CO,Denver,820000,8031004104.000000000000000,0820000-08031004104,4289,10.400000000000000,10.100000000000000,"(39.75651280330, -104.912847526)",39.756512800000003,-104.912847499999998,10.900000000000000,9.699999999999999,0.000000000000000,1.000000000000000,1.000000000000000,1.000000000000000,2.000000000000000
-1,1,101,1,101,CO,Denver,820000,8031003001.000000000000000,0820000-08031003001,5393,8.500000000000000,6.500000000000000,"(39.68661414660, -104.981056370)",39.686614149999997,-104.981056400000000,10.900000000000000,9.699999999999999,0.000000000000000,0.000000000000000,0.000000000000000,3.000000000000000,3.000000000000000
-1,1,102,1,102,CO,Denver,820000,8031004103.000000000000000,0820000-08031004103,5093,10.100000000000000,10.000000000000000,"(39.75652442280, -104.931444852)",39.756524419999998,-104.931444900000002,10.900000000000000,9.699999999999999,0.000000000000000,1.000000000000000,1.000000000000000,2.000000000000000,3.000000000000000
-1,1,103,1,103,CO,Denver,820000,8031000402.000000000000000,0820000-08031000402,5314,9.600000000000000,8.100000000000000,"(39.76307167740, -105.017714510)",39.763071680000003,-105.017714499999997,10.900000000000000,9.699999999999999,0.000000000000000,0.000000000000000,0.000000000000000,2.000000000000000,2.000000000000000
-1,1,104,1,104,CO,Denver,820000,8031000301.000000000000000,0820000-08031000301,5003,9.800000000000001,8.900000000000000,"(39.77303096560, -105.039231561)",39.773030970000001,-105.039231599999994,10.900000000000000,9.699999999999999,0.000000000000000,0.000000000000000,0.000000000000000,2.000000000000000,2.000000000000000
-1,1,105,1,105,CO,Denver,820000,8031000302.000000000000000,0820000-08031000302,4036,8.800000000000001,7.400000000000000,"(39.76393047250, -105.046266515)",39.763930469999998,-105.046266500000002,10.900000000000000,9.699999999999999,0.000000000000000,0.000000000000000,0.000000000000000,3.000000000000000,3.000000000000000
-1,1,106,1,106,CO,Denver,820000,8031000303.000000000000000,0820000-08031000303,4504,9.300000000000001,7.700000000000000,"(39.76396646620, -105.032302333)",39.763966470000000,-105.032302299999998,10.900000000000000,9.699999999999999,0.000000000000000,0.000000000000000,0.000000000000000,3.000000000000000,3.000000000000000
-1,1,107,1,107,CO,Denver,820000,8031005200.000000000000000,0820000-08031005200,3052,9.800000000000001,10.300000000000001,"(39.68543229690, -104.914806497)",39.685432300000002,-104.914806499999997,10.900000000000000,9.699999999999999,0.000000000000000,1.000000000000000,1.000000000000000,3.000000000000000,4.000000000000000
-1,1,108,1,108,CO,Denver,820000,8031002602.000000000000000,0820000-08031002602,2736,9.600000000000000,6.100000000000000,"(39.74333803720, -104.977152661)",39.743338039999998,-104.977152700000005,10.900000000000000,9.699999999999999,0.000000000000000,0.000000000000000,0.000000000000000,3.000000000000000,3.000000000000000
-1,1,109,1,109,CO,Denver,820000,8031002601.000000000000000,0820000-08031002601,3087,10.900000000000000,8.400000000000000,"(39.74370817670, -104.983727994)",39.743708179999999,-104.983727999999999,10.900000000000000,9.699999999999999,0.000000000000000,0.000000000000000,0.000000000000000,2.000000000000000,2.000000000000000
-1,1,110,1,110,CO,Denver,820000,8031007088.000000000000000,0820000-08031007088,4168,10.699999999999999,9.199999999999999,"(39.70242709630, -104.893307570)",39.702427100000001,-104.893307600000000,10.900000000000000,9.699999999999999,0.000000000000000,0.000000000000000,0.000000000000000,3.000000000000000,3.000000000000000
-1,1,111,1,111,CO,Denver,820000,8031001701.000000000000000,0820000-08031001701,4350,9.199999999999999,8.100000000000000,"(39.75343514450, -105.000447364)",39.753435140000001,-105.000447399999999,10.900000000000000,9.699999999999999,0.000000000000000,0.000000000000000,0.000000000000000,2.000000000000000,2.000000000000000
-1,1,112,1,112,CO,Denver,820000,8031015300.000000000000000,0820000-08031015300,3832,9.800000000000001,8.300000000000001,"(39.70409760630, -104.926309619)",39.704097609999998,-104.926309599999996,10.900000000000000,9.699999999999999,0.000000000000000,0.000000000000000,0.000000000000000,3.000000000000000,3.000000000000000
-1,1,113,1,113,CO,Denver,820000,8031007089.000000000000000,0820000-08031007089,4725,8.400000000000000,13.500000000000000,"(39.70526369620, -104.882953828)",39.705263700000003,-104.882953799999996,10.900000000000000,9.699999999999999,0.000000000000000,1.000000000000000,1.000000000000000,3.000000000000000,4.000000000000000
-1,1,114,1,114,CO,Denver,820000,8031007013.000000000000000,0820000-08031007013,3096,10.100000000000000,9.199999999999999,"(39.68475454000, -104.897280314)",39.684754540000000,-104.897280300000006,10.900000000000000,9.699999999999999,0.000000000000000,0.000000000000000,0.000000000000000,3.000000000000000,3.000000000000000
-1,1,115,1,115,CO,Denver,820000,8031003901.000000000000000,0820000-08031003901,4172,7.200000000000000,7.700000000000000,"(39.70498878350, -104.950437588)",39.704988780000001,-104.950437600000001,10.900000000000000,9.699999999999999,0.000000000000000,0.000000000000000,0.000000000000000,2.000000000000000,2.000000000000000
-1,1,116,1,116,CO,Denver,820000,8031002901.000000000000000,0820000-08031002901,2602,9.300000000000001,6.700000000000000,"(39.70382867150, -104.983931201)",39.703828670000000,-104.983931200000001,10.900000000000000,9.699999999999999,0.000000000000000,0.000000000000000,0.000000000000000,1.000000000000000,1.000000000000000
-1,1,117,1,117,CO,Denver,820000,8031002902.000000000000000,0820000-08031002902,3791,8.199999999999999,6.100000000000000,"(39.70159202090, -104.976727081)",39.701592020000000,-104.976727100000005,10.900000000000000,9.699999999999999,0.000000000000000,0.000000000000000,0.000000000000000,3.000000000000000,3.000000000000000
-1,1,118,1,118,CO,Denver,820000,8031003101.000000000000000,0820000-08031003101,1455,9.500000000000000,7.800000000000000,"(39.74871806360, -104.966454828)",39.748718060000002,-104.966454799999994,10.900000000000000,9.699999999999999,0.000000000000000,0.000000000000000,0.000000000000000,2.000000000000000,2.000000000000000
-1,1,119,1,119,CO,Denver,820000,8031004004.000000000000000,0820000-08031004004,1808,7.800000000000000,8.300000000000001,"(39.64760561240, -104.921835243)",39.647605609999999,-104.921835200000004,10.900000000000000,9.699999999999999,0.000000000000000,0.000000000000000,0.000000000000000,3.000000000000000,3.000000000000000
-1,1,120,1,120,CO,Denver,820000,8031004003.000000000000000,0820000-08031004003,4121,9.199999999999999,8.100000000000000,"(39.65990843160, -104.931174963)",39.659908430000002,-104.931174999999996,10.900000000000000,9.699999999999999,0.000000000000000,0.000000000000000,0.000000000000000,3.000000000000000,3.000000000000000
-1,1,121,1,121,CO,Denver,820000,8031004002.000000000000000,0820000-08031004002,3133,7.300000000000000,7.900000000000000,"(39.66054795400, -104.949598343)",39.660547950000002,-104.949598300000005,10.900000000000000,9.699999999999999,0.000000000000000,0.000000000000000,0.000000000000000,2.000000000000000,2.000000000000000
-1,1,122,1,122,CO,Denver,820000,8031004107.000000000000000,0820000-08031004107,3810,8.699999999999999,6.200000000000000,"(39.77599418050, -104.894055747)",39.775994179999998,-104.894055699999996,10.900000000000000,9.699999999999999,0.000000000000000,0.000000000000000,0.000000000000000,1.000000000000000,1.000000000000000
-1,1,123,1,123,CO,Denver,820000,8031003603.000000000000000,0820000-08031003603,3106,9.800000000000001,9.699999999999999,"(39.75650855680, -104.950246345)",39.756508560000000,-104.950246300000003,10.900000000000000,9.699999999999999,0.000000000000000,0.000000000000000,0.000000000000000,2.000000000000000,2.000000000000000
-1,1,124,1,124,CO,Denver,820000,8031004405.000000000000000,0820000-08031004405,7316,9.000000000000000,7.100000000000000,"(39.71979570070, -104.888914838)",39.719795699999999,-104.888914799999995,10.900000000000000,9.699999999999999,0.000000000000000,0.000000000000000,0.000000000000000,3.000000000000000,3.000000000000000
-1,1,125,1,125,CO,Denver,820000,8031005300.000000000000000,0820000-08031005300,1206,9.900000000000000,11.100000000000000,"(39.67392828750, -104.936041340)",39.673928289999999,-104.936041299999999,10.900000000000000,9.699999999999999,0.000000000000000,1.000000000000000,1.000000000000000,1.000000000000000,2.000000000000000
-1,1,126,1,126,CO,Denver,820000,8031003201.000000000000000,0820000-08031003201,4970,9.800000000000001,7.200000000000000,"(39.73458524690, -104.968868889)",39.734585250000002,-104.968868900000004,10.900000000000000,9.699999999999999,0.000000000000000,0.000000000000000,0.000000000000000,3.000000000000000,3.000000000000000
-1,1,127,1,127,CO,Denver,820000,8031003202.000000000000000,0820000-08031003202,3001,8.600000000000000,7.900000000000000,"(39.73456779450, -104.962312710)",39.734567790000000,-104.962312699999998,10.900000000000000,9.699999999999999,0.000000000000000,0.000000000000000,0.000000000000000,3.000000000000000,3.000000000000000
-1,1,128,1,128,CO,Denver,820000,8031003203.000000000000000,0820000-08031003203,3001,7.300000000000000,6.900000000000000,"(39.72229723360, -104.965999427)",39.722297230000002,-104.965999400000001,10.900000000000000,9.699999999999999,0.000000000000000,0.000000000000000,0.000000000000000,2.000000000000000,2.000000000000000
-1,1,129,1,129,CO,Denver,820000,8031012010.000000000000000,0820000-08031012010,4995,9.100000000000000,8.400000000000000,"(39.62605131420, -105.070746100)",39.626051310000001,-105.070746099999994,10.900000000000000,9.699999999999999,0.000000000000000,0.000000000000000,0.000000000000000,0.000000000000000,0.000000000000000
-1,1,130,1,130,CO,Denver,820000,8031012014.000000000000000,0820000-08031012014,6137,10.900000000000000,8.900000000000000,"(39.63105382460, -105.097037423)",39.631053819999998,-105.097037400000005,10.900000000000000,9.699999999999999,0.000000000000000,0.000000000000000,0.000000000000000,3.000000000000000,3.000000000000000
-1,1,131,1,131,CO,Denver,820000,8031001102.000000000000000,0820000-08031001102,3115,10.600000000000000,7.900000000000000,"(39.76349778870, -105.005594328)",39.763497790000002,-105.005594299999998,10.900000000000000,9.699999999999999,0.000000000000000,0.000000000000000,0.000000000000000,3.000000000000000,3.000000000000000
-1,1,132,1,132,CO,Denver,820000,8031002000.000000000000000,0820000-08031002000,1577,9.400000000000000,7.200000000000000,"(39.73537359670, -104.991197161)",39.735373600000003,-104.991197200000002,10.900000000000000,9.699999999999999,0.000000000000000,0.000000000000000,0.000000000000000,3.000000000000000,3.000000000000000
-1,1,133,1,133,CO,Denver,820000,8031004304.000000000000000,0820000-08031004304,5456,8.800000000000001,7.700000000000000,"(39.73285813610, -104.912951679)",39.732858139999998,-104.912951699999994,10.900000000000000,9.699999999999999,0.000000000000000,0.000000000000000,0.000000000000000,3.000000000000000,3.000000000000000
-1,1,134,1,134,CO,Denver,820000,8031004306.000000000000000,0820000-08031004306,4807,7.700000000000000,8.000000000000000,"(39.71855057080, -104.912997031)",39.718550569999998,-104.912997000000004,10.900000000000000,9.699999999999999,0.000000000000000,0.000000000000000,0.000000000000000,3.000000000000000,3.000000000000000
-1,1,135,1,135,CO,Denver,820000,8031004301.000000000000000,0820000-08031004301,4469,9.600000000000000,8.100000000000000,"(39.73288803530, -104.935556934)",39.732888039999999,-104.935556899999995,10.900000000000000,9.699999999999999,0.000000000000000,0.000000000000000,0.000000000000000,3.000000000000000,3.000000000000000
-1,1,136,1,136,CO,Denver,820000,8031004302.000000000000000,0820000-08031004302,2467,9.300000000000001,8.100000000000000,"(39.73293517750, -104.926436427)",39.732935179999998,-104.926436400000000,10.900000000000000,9.699999999999999,0.000000000000000,0.000000000000000,0.000000000000000,2.000000000000000,2.000000000000000
-1,1,137,1,137,CO,Denver,820000,8031004303.000000000000000,0820000-08031004303,4067,7.000000000000000,7.300000000000000,"(39.71839550410, -104.931581730)",39.718395500000000,-104.931581699999995,10.900000000000000,9.699999999999999,0.000000000000000,0.000000000000000,0.000000000000000,3.000000000000000,3.000000000000000
-1,1,138,1,138,CO,Denver,820000,8031002801.000000000000000,0820000-08031002801,2583,9.199999999999999,6.700000000000000,"(39.72392082580, -104.978212191)",39.723920829999997,-104.978212200000002,10.900000000000000,9.699999999999999,0.000000000000000,0.000000000000000,0.000000000000000,3.000000000000000,3.000000000000000
-1,1,139,1,139,CO,Denver,820000,8031002803.000000000000000,0820000-08031002803,4158,9.000000000000000,6.500000000000000,"(39.71540342350, -104.977064238)",39.715403420000001,-104.977064200000001,10.900000000000000,9.699999999999999,0.000000000000000,0.000000000000000,0.000000000000000,3.000000000000000,3.000000000000000
-1,1,140,1,140,CO,Denver,820000,8031002802.000000000000000,0820000-08031002802,4213,10.199999999999999,7.100000000000000,"(39.71773670610, -104.984176320)",39.717736709999997,-104.984176300000001,10.900000000000000,9.699999999999999,0.000000000000000,0.000000000000000,0.000000000000000,2.000000000000000,2.000000000000000
-1,1,141,1,141,CO,Denver,820000,8031005102.000000000000000,0820000-08031005102,3368,10.900000000000000,10.400000000000000,"(39.68755592230, -104.926997262)",39.687555920000001,-104.926997299999996,10.900000000000000,9.699999999999999,0.000000000000000,1.000000000000000,1.000000000000000,3.000000000000000,4.000000000000000
-1,1,142,1,142,CO,Denver,820000,8031004801.000000000000000,0820000-08031004801,2858,10.699999999999999,11.500000000000000,"(39.66058556750, -105.048044238)",39.660585570000002,-105.048044200000007,10.900000000000000,9.699999999999999,0.000000000000000,1.000000000000000,1.000000000000000,1.000000000000000,2.000000000000000